id,agent_id,hostname,file_path,file_hash_sha256,file_content,threat_score,analysis_findings,is_whitelisted,quarantined_path,timestamp
1,benign-sim-agent-001,servidor-saudavel,/var/www/html/wp-content/uploads/2025/07/imagem_nova.jpg,,CONTEUDO_FALSO_DE_IMAGEM_JPG,0,{'regras_acionadas': None},False,,2025-08-31 11:21:26.909910+00:00
2,benign-sim-agent-001,servidor-saudavel,/var/www/html/wp-content/uploads/2025/07/imagem_nova.jpg,,CONTEUDO_FALSO_DE_IMAGEM_JPG,0,{'regras_acionadas': None},False,,2025-08-31 11:21:28.941768+00:00
3,benign-sim-agent-001,servidor-saudavel,/var/www/html/wp-content/uploads/2025/07/imagem_nova.jpg,,CONTEUDO_FALSO_DE_IMAGEM_JPG,0,{'regras_acionadas': None},False,,2025-08-31 11:21:30.953383+00:00
4,benign-sim-agent-001,servidor-saudavel,/var/www/html/wp-content/uploads/2025/07/imagem_nova.jpg,,CONTEUDO_FALSO_DE_IMAGEM_JPG,0,{'regras_acionadas': None},False,,2025-08-31 11:21:32.968894+00:00
5,benign-sim-agent-001,servidor-saudavel,/var/www/html/wp-content/uploads/2025/07/imagem_nova.jpg,,CONTEUDO_FALSO_DE_IMAGEM_JPG,0,{'regras_acionadas': None},False,,2025-08-31 11:21:34.983046+00:00
6,benign-sim-agent-001,servidor-saudavel,/var/www/html/wp-content/cache/page/index.html,,,0,,False,,2025-08-31 11:21:36.999955+00:00
7,benign-sim-agent-001,servidor-saudavel,/var/www/html/wp-content/uploads/2025/07/imagem_nova.jpg,,CONTEUDO_FALSO_DE_IMAGEM_JPG,0,{'regras_acionadas': None},False,,2025-08-31 11:21:39.010306+00:00
8,sim-agent-001,simulador-host,/tmp/simulacao_58793.php,,<?php echo shell_exec($_GET['cmd']); ?>,50,"{'regras_acionadas': ['Funções de execução de comando detectadas', 'Uso de variáveis superglobais ($_POST, $_GET etc.)']}",False,,2025-08-31 11:27:46.883892+00:00
9,sim-agent-001,simulador-host,/tmp/simulacao_81066.php,,<?php echo shell_exec($_GET['cmd']); ?>,50,"{'regras_acionadas': ['Funções de execução de comando detectadas', 'Uso de variáveis superglobais ($_POST, $_GET etc.)']}",False,,2025-08-31 11:27:50.985581+00:00
10,sim-agent-001,simulador-host,/tmp/simulacao_39597.php,,<?php echo shell_exec($_GET['cmd']); ?>,50,"{'regras_acionadas': ['Funções de execução de comando detectadas', 'Uso de variáveis superglobais ($_POST, $_GET etc.)']}",False,,2025-08-31 11:27:54.999327+00:00
11,sim-agent-001,simulador-host,/tmp/simulacao_62972.php,,<?php echo shell_exec($_GET['cmd']); ?>,50,"{'regras_acionadas': ['Funções de execução de comando detectadas', 'Uso de variáveis superglobais ($_POST, $_GET etc.)']}",False,,2025-08-31 11:27:59.010552+00:00
12,sim-agent-001,simulador-host,/tmp/simulacao_47300.php,,<?php echo shell_exec($_GET['cmd']); ?>,50,"{'regras_acionadas': ['Funções de execução de comando detectadas', 'Uso de variáveis superglobais ($_POST, $_GET etc.)']}",False,,2025-08-31 11:28:03.025493+00:00
13,sim-agent-001,simulador-host,/tmp/simulacao_20600.php,,<?php echo shell_exec($_GET['cmd']); ?>,50,"{'regras_acionadas': ['Funções de execução de comando detectadas', 'Uso de variáveis superglobais ($_POST, $_GET etc.)']}",False,,2025-08-31 11:28:07.040881+00:00
14,sim-agent-001,simulador-host,/tmp/simulacao_9790.php,,<?php echo shell_exec($_GET['cmd']); ?>,50,"{'regras_acionadas': ['Funções de execução de comando detectadas', 'Uso de variáveis superglobais ($_POST, $_GET etc.)']}",False,,2025-08-31 11:28:11.055959+00:00
15,sim-agent-001,simulador-host,/tmp/simulacao_29920.php,,<?php echo shell_exec($_GET['cmd']); ?>,50,"{'regras_acionadas': ['Funções de execução de comando detectadas', 'Uso de variáveis superglobais ($_POST, $_GET etc.)']}",False,,2025-08-31 11:28:15.069977+00:00
16,sim-agent-001,simulador-host,/tmp/simulacao_47017.php,,<?php echo shell_exec($_GET['cmd']); ?>,50,"{'regras_acionadas': ['Funções de execução de comando detectadas', 'Uso de variáveis superglobais ($_POST, $_GET etc.)']}",False,,2025-08-31 11:28:19.082375+00:00
17,sim-agent-001,simulador-host,/tmp/simulacao_8140.php,,<?php echo shell_exec($_GET['cmd']); ?>,50,"{'regras_acionadas': ['Funções de execução de comando detectadas', 'Uso de variáveis superglobais ($_POST, $_GET etc.)']}",False,,2025-08-31 11:28:23.094825+00:00
18,sim-agent-001,simulador-host,/tmp/simulacao_18896.php,,<?php echo shell_exec($_GET['cmd']); ?>,50,"{'regras_acionadas': ['Funções de execução de comando detectadas', 'Uso de variáveis superglobais ($_POST, $_GET etc.)']}",False,,2025-08-31 11:28:27.114121+00:00
19,sim-agent-001,simulador-host,/tmp/simulacao_97780.php,,<?php echo shell_exec($_GET['cmd']); ?>,50,"{'regras_acionadas': ['Funções de execução de comando detectadas', 'Uso de variáveis superglobais ($_POST, $_GET etc.)']}",False,,2025-08-31 11:28:31.125757+00:00
20,sim-agent-001,simulador-host,/tmp/simulacao_16108.php,,<?php echo shell_exec($_GET['cmd']); ?>,50,"{'regras_acionadas': ['Funções de execução de comando detectadas', 'Uso de variáveis superglobais ($_POST, $_GET etc.)']}",False,,2025-08-31 11:28:35.139220+00:00
21,sim-agent-001,simulador-host,/tmp/simulacao_95845.php,,<?php echo shell_exec($_GET['cmd']); ?>,50,"{'regras_acionadas': ['Funções de execução de comando detectadas', 'Uso de variáveis superglobais ($_POST, $_GET etc.)']}",False,,2025-08-31 11:28:39.151216+00:00
22,sim-agent-001,simulador-host,/tmp/simulacao_67313.php,,<?php echo shell_exec($_GET['cmd']); ?>,50,"{'regras_acionadas': ['Funções de execução de comando detectadas', 'Uso de variáveis superglobais ($_POST, $_GET etc.)']}",False,,2025-08-31 11:28:43.166730+00:00
23,sim-agent-001,simulador-host,/tmp/simulacao_57905.php,,<?php echo shell_exec($_GET['cmd']); ?>,50,"{'regras_acionadas': ['Funções de execução de comando detectadas', 'Uso de variáveis superglobais ($_POST, $_GET etc.)']}",False,,2025-08-31 11:28:47.201150+00:00
24,sim-agent-001,simulador-host,/tmp/simulacao_28339.php,,<?php echo shell_exec($_GET['cmd']); ?>,50,"{'regras_acionadas': ['Funções de execução de comando detectadas', 'Uso de variáveis superglobais ($_POST, $_GET etc.)']}",False,,2025-08-31 11:28:51.221340+00:00
25,sim-agent-001,simulador-host,/tmp/simulacao_57604.php,,<?php echo shell_exec($_GET['cmd']); ?>,50,"{'regras_acionadas': ['Funções de execução de comando detectadas', 'Uso de variáveis superglobais ($_POST, $_GET etc.)']}",False,,2025-08-31 11:28:55.234957+00:00
26,sim-agent-001,simulador-host,/tmp/simulacao_67234.php,,<?php echo shell_exec($_GET['cmd']); ?>,50,"{'regras_acionadas': ['Funções de execução de comando detectadas', 'Uso de variáveis superglobais ($_POST, $_GET etc.)']}",False,,2025-08-31 11:28:59.247785+00:00
27,sim-agent-001,simulador-host,/tmp/simulacao_84474.php,,<?php echo shell_exec($_GET['cmd']); ?>,50,"{'regras_acionadas': ['Funções de execução de comando detectadas', 'Uso de variáveis superglobais ($_POST, $_GET etc.)']}",False,,2025-08-31 11:29:03.261364+00:00
28,sim-agent-001,simulador-host,/tmp/simulacao_61502.php,,<?php echo shell_exec($_GET['cmd']); ?>,50,"{'regras_acionadas': ['Funções de execução de comando detectadas', 'Uso de variáveis superglobais ($_POST, $_GET etc.)']}",False,,2025-08-31 11:30:21.900238+00:00
29,sim-agent-001,simulador-host,/tmp/simulacao_4524.php,,<?php echo shell_exec($_GET['cmd']); ?>,50,"{'regras_acionadas': ['Funções de execução de comando detectadas', 'Uso de variáveis superglobais ($_POST, $_GET etc.)']}",False,,2025-08-31 11:30:25.958157+00:00
30,sim-agent-001,simulador-host,/tmp/simulacao_37525.php,,<?php echo shell_exec($_GET['cmd']); ?>,50,"{'regras_acionadas': ['Funções de execução de comando detectadas', 'Uso de variáveis superglobais ($_POST, $_GET etc.)']}",False,,2025-08-31 11:30:29.981076+00:00
68,benign-sim-agent-001,servidor-saudavel,/var/www/html/wp-content/uploads/2025/07/imagem_nova.jpg,,CONTEUDO_FALSO_DE_IMAGEM_JPG,0,{'regras_acionadas': None},False,,2025-08-31 11:34:29.867412+00:00
31,sim-agent-001,simulador-host,/tmp/simulacao_99955.php,,<?php echo shell_exec($_GET['cmd']); ?>,50,"{'regras_acionadas': ['Funções de execução de comando detectadas', 'Uso de variáveis superglobais ($_POST, $_GET etc.)']}",False,,2025-08-31 11:30:34.010051+00:00
32,sim-agent-001,simulador-host,/tmp/simulacao_33202.php,,<?php echo shell_exec($_GET['cmd']); ?>,50,"{'regras_acionadas': ['Funções de execução de comando detectadas', 'Uso de variáveis superglobais ($_POST, $_GET etc.)']}",False,,2025-08-31 11:30:38.038193+00:00
33,sim-agent-001,simulador-host,/tmp/simulacao_75726.php,,<?php echo shell_exec($_GET['cmd']); ?>,50,"{'regras_acionadas': ['Funções de execução de comando detectadas', 'Uso de variáveis superglobais ($_POST, $_GET etc.)']}",False,,2025-08-31 11:30:42.058007+00:00
34,sim-agent-001,simulador-host,/tmp/simulacao_33593.php,,<?php echo shell_exec($_GET['cmd']); ?>,50,"{'regras_acionadas': ['Funções de execução de comando detectadas', 'Uso de variáveis superglobais ($_POST, $_GET etc.)']}",False,,2025-08-31 11:30:46.077848+00:00
35,sim-agent-001,simulador-host,/tmp/simulacao_40166.php,,<?php echo shell_exec($_GET['cmd']); ?>,50,"{'regras_acionadas': ['Funções de execução de comando detectadas', 'Uso de variáveis superglobais ($_POST, $_GET etc.)']}",False,,2025-08-31 11:30:50.097000+00:00
36,sim-agent-001,simulador-host,/tmp/simulacao_87142.php,,<?php echo shell_exec($_GET['cmd']); ?>,50,"{'regras_acionadas': ['Funções de execução de comando detectadas', 'Uso de variáveis superglobais ($_POST, $_GET etc.)']}",False,,2025-08-31 11:30:54.116787+00:00
37,sim-agent-001,simulador-host,/tmp/simulacao_17578.php,,<?php echo shell_exec($_GET['cmd']); ?>,50,"{'regras_acionadas': ['Funções de execução de comando detectadas', 'Uso de variáveis superglobais ($_POST, $_GET etc.)']}",False,,2025-08-31 11:30:58.135695+00:00
38,sim-agent-001,simulador-host,/tmp/simulacao_25211.php,,<?php echo shell_exec($_GET['cmd']); ?>,50,"{'regras_acionadas': ['Funções de execução de comando detectadas', 'Uso de variáveis superglobais ($_POST, $_GET etc.)']}",False,,2025-08-31 11:31:02.154873+00:00
39,sim-agent-001,simulador-host,/tmp/simulacao_10254.php,,<?php echo shell_exec($_GET['cmd']); ?>,50,"{'regras_acionadas': ['Funções de execução de comando detectadas', 'Uso de variáveis superglobais ($_POST, $_GET etc.)']}",False,,2025-08-31 11:31:06.175554+00:00
40,sim-agent-001,simulador-host,/tmp/simulacao_91500.php,,<?php echo shell_exec($_GET['cmd']); ?>,50,"{'regras_acionadas': ['Funções de execução de comando detectadas', 'Uso de variáveis superglobais ($_POST, $_GET etc.)']}",False,,2025-08-31 11:31:10.202939+00:00
41,sim-agent-001,simulador-host,/tmp/simulacao_46856.php,,<?php echo shell_exec($_GET['cmd']); ?>,50,"{'regras_acionadas': ['Funções de execução de comando detectadas', 'Uso de variáveis superglobais ($_POST, $_GET etc.)']}",False,,2025-08-31 11:31:14.223266+00:00
42,sim-agent-001,simulador-host,/tmp/simulacao_7577.php,,<?php echo shell_exec($_GET['cmd']); ?>,50,"{'regras_acionadas': ['Funções de execução de comando detectadas', 'Uso de variáveis superglobais ($_POST, $_GET etc.)']}",False,,2025-08-31 11:31:18.243611+00:00
43,sim-agent-001,simulador-host,/tmp/simulacao_78939.php,,<?php echo shell_exec($_GET['cmd']); ?>,50,"{'regras_acionadas': ['Funções de execução de comando detectadas', 'Uso de variáveis superglobais ($_POST, $_GET etc.)']}",False,,2025-08-31 11:31:22.263041+00:00
44,sim-agent-001,simulador-host,/tmp/simulacao_98605.php,,<?php echo shell_exec($_GET['cmd']); ?>,50,"{'regras_acionadas': ['Funções de execução de comando detectadas', 'Uso de variáveis superglobais ($_POST, $_GET etc.)']}",False,,2025-08-31 11:31:26.282787+00:00
45,sim-agent-001,simulador-host,/tmp/simulacao_98246.php,,<?php echo shell_exec($_GET['cmd']); ?>,50,"{'regras_acionadas': ['Funções de execução de comando detectadas', 'Uso de variáveis superglobais ($_POST, $_GET etc.)']}",False,,2025-08-31 11:31:30.302336+00:00
46,sim-agent-001,simulador-host,/tmp/simulacao_45579.php,,<?php echo shell_exec($_GET['cmd']); ?>,50,"{'regras_acionadas': ['Funções de execução de comando detectadas', 'Uso de variáveis superglobais ($_POST, $_GET etc.)']}",False,,2025-08-31 11:31:34.321691+00:00
47,sim-agent-001,simulador-host,/tmp/simulacao_13924.php,,<?php echo shell_exec($_GET['cmd']); ?>,50,"{'regras_acionadas': ['Funções de execução de comando detectadas', 'Uso de variáveis superglobais ($_POST, $_GET etc.)']}",False,,2025-08-31 11:31:38.341625+00:00
48,benign-sim-agent-001,servidor-saudavel,/tmp/session_xyz123.tmp,,"user_id|s:1:""1"";",0,{'regras_acionadas': None},False,,2025-08-31 11:33:49.465242+00:00
49,benign-sim-agent-001,servidor-saudavel,/var/www/html/wp-content/cache/page/index.html,,,0,,False,,2025-08-31 11:33:51.515431+00:00
50,benign-sim-agent-001,servidor-saudavel,/tmp/session_xyz123.tmp,,"user_id|s:1:""1"";",0,{'regras_acionadas': None},False,,2025-08-31 11:33:53.526301+00:00
51,benign-sim-agent-001,servidor-saudavel,/var/www/html/wp-content/cache/page/index.html,,,0,,False,,2025-08-31 11:33:55.550683+00:00
52,benign-sim-agent-001,servidor-saudavel,/tmp/session_xyz123.tmp,,"user_id|s:1:""1"";",0,{'regras_acionadas': None},False,,2025-08-31 11:33:57.559489+00:00
53,benign-sim-agent-001,servidor-saudavel,/var/www/html/wp-content/cache/page/index.html,,,0,,False,,2025-08-31 11:33:59.581039+00:00
54,benign-sim-agent-001,servidor-saudavel,/tmp/session_xyz123.tmp,,"user_id|s:1:""1"";",0,{'regras_acionadas': None},False,,2025-08-31 11:34:01.596722+00:00
55,benign-sim-agent-001,servidor-saudavel,/var/www/html/wp-content/uploads/2025/07/imagem_nova.jpg,,CONTEUDO_FALSO_DE_IMAGEM_JPG,0,{'regras_acionadas': None},False,,2025-08-31 11:34:03.616764+00:00
56,benign-sim-agent-001,servidor-saudavel,/var/www/html/wp-content/uploads/2025/07/imagem_nova.jpg,,CONTEUDO_FALSO_DE_IMAGEM_JPG,0,{'regras_acionadas': None},False,,2025-08-31 11:34:05.649353+00:00
57,benign-sim-agent-001,servidor-saudavel,/var/www/html/wp-content/uploads/2025/07/imagem_nova.jpg,,CONTEUDO_FALSO_DE_IMAGEM_JPG,0,{'regras_acionadas': None},False,,2025-08-31 11:34:07.669552+00:00
58,benign-sim-agent-001,servidor-saudavel,/var/www/html/wp-content/cache/page/index.html,,,0,,False,,2025-08-31 11:34:09.694626+00:00
59,benign-sim-agent-001,servidor-saudavel,/tmp/session_xyz123.tmp,,"user_id|s:1:""1"";",0,{'regras_acionadas': None},False,,2025-08-31 11:34:11.708449+00:00
60,benign-sim-agent-001,servidor-saudavel,/tmp/session_xyz123.tmp,,"user_id|s:1:""1"";",0,{'regras_acionadas': None},False,,2025-08-31 11:34:13.728759+00:00
61,benign-sim-agent-001,servidor-saudavel,/var/www/html/wp-content/uploads/2025/07/imagem_nova.jpg,,CONTEUDO_FALSO_DE_IMAGEM_JPG,0,{'regras_acionadas': None},False,,2025-08-31 11:34:15.752797+00:00
62,benign-sim-agent-001,servidor-saudavel,/var/www/html/wp-content/cache/page/index.html,,,0,,False,,2025-08-31 11:34:17.772751+00:00
63,benign-sim-agent-001,servidor-saudavel,/var/www/html/wp-content/cache/page/index.html,,,0,,False,,2025-08-31 11:34:19.784897+00:00
64,benign-sim-agent-001,servidor-saudavel,/tmp/session_xyz123.tmp,,"user_id|s:1:""1"";",0,{'regras_acionadas': None},False,,2025-08-31 11:34:21.799244+00:00
65,benign-sim-agent-001,servidor-saudavel,/var/www/html/wp-content/cache/page/index.html,,,0,,False,,2025-08-31 11:34:23.822808+00:00
66,benign-sim-agent-001,servidor-saudavel,/tmp/session_xyz123.tmp,,"user_id|s:1:""1"";",0,{'regras_acionadas': None},False,,2025-08-31 11:34:25.838190+00:00
67,benign-sim-agent-001,servidor-saudavel,/var/www/html/wp-content/cache/page/index.html,,,0,,False,,2025-08-31 11:34:27.857061+00:00
69,benign-sim-agent-001,servidor-saudavel,/var/www/html/wp-content/cache/page/index.html,,,0,,False,,2025-08-31 11:34:31.892577+00:00
70,benign-sim-agent-001,servidor-saudavel,/var/www/html/wp-content/uploads/2025/07/imagem_nova.jpg,,CONTEUDO_FALSO_DE_IMAGEM_JPG,0,{'regras_acionadas': None},False,,2025-08-31 11:34:33.905150+00:00
71,benign-sim-agent-001,servidor-saudavel,/tmp/session_xyz123.tmp,,"user_id|s:1:""1"";",0,{'regras_acionadas': None},False,,2025-08-31 11:34:35.935281+00:00
72,benign-sim-agent-001,servidor-saudavel,/var/www/html/wp-content/uploads/2025/07/imagem_nova.jpg,,CONTEUDO_FALSO_DE_IMAGEM_JPG,0,{'regras_acionadas': None},False,,2025-08-31 11:34:37.957205+00:00
73,benign-sim-agent-001,servidor-saudavel,/tmp/session_xyz123.tmp,,"user_id|s:1:""1"";",0,{'regras_acionadas': None},False,,2025-08-31 11:34:39.977091+00:00
74,benign-sim-agent-001,servidor-saudavel,/tmp/session_xyz123.tmp,,"user_id|s:1:""1"";",0,{'regras_acionadas': None},False,,2025-08-31 11:34:41.999175+00:00
75,benign-sim-agent-001,servidor-saudavel,/tmp/session_xyz123.tmp,,"user_id|s:1:""1"";",0,{'regras_acionadas': None},False,,2025-08-31 11:34:44.023093+00:00
76,benign-sim-agent-001,servidor-saudavel,/var/www/html/wp-content/uploads/2025/07/imagem_nova.jpg,,CONTEUDO_FALSO_DE_IMAGEM_JPG,0,{'regras_acionadas': None},False,,2025-08-31 11:34:46.047726+00:00
77,benign-sim-agent-001,servidor-saudavel,/tmp/session_xyz123.tmp,,"user_id|s:1:""1"";",0,{'regras_acionadas': None},False,,2025-08-31 11:34:48.071704+00:00
78,benign-sim-agent-001,servidor-saudavel,/var/www/html/wp-content/uploads/2025/07/imagem_nova.jpg,,CONTEUDO_FALSO_DE_IMAGEM_JPG,0,{'regras_acionadas': None},False,,2025-08-31 11:34:50.093701+00:00
79,benign-sim-agent-001,servidor-saudavel,/var/www/html/wp-content/cache/page/index.html,,,0,,False,,2025-08-31 11:34:52.113289+00:00
80,benign-sim-agent-001,servidor-saudavel,/var/www/html/wp-content/cache/page/index.html,,,0,,False,,2025-08-31 11:34:54.126862+00:00
81,benign-sim-agent-001,servidor-saudavel,/var/www/html/wp-content/cache/page/index.html,,,0,,False,,2025-08-31 11:34:56.140519+00:00
82,benign-sim-agent-001,servidor-saudavel,/var/www/html/wp-content/uploads/2025/07/imagem_nova.jpg,,CONTEUDO_FALSO_DE_IMAGEM_JPG,0,{'regras_acionadas': None},False,,2025-08-31 11:34:58.149383+00:00
83,benign-sim-agent-001,servidor-saudavel,/var/www/html/wp-content/uploads/2025/07/imagem_nova.jpg,,CONTEUDO_FALSO_DE_IMAGEM_JPG,0,{'regras_acionadas': None},False,,2025-08-31 11:35:00.182956+00:00
84,benign-sim-agent-001,servidor-saudavel,/var/www/html/wp-content/uploads/2025/07/imagem_nova.jpg,,CONTEUDO_FALSO_DE_IMAGEM_JPG,0,{'regras_acionadas': None},False,,2025-08-31 11:35:02.203134+00:00
85,benign-sim-agent-001,servidor-saudavel,/var/www/html/wp-content/uploads/2025/07/imagem_nova.jpg,,CONTEUDO_FALSO_DE_IMAGEM_JPG,0,{'regras_acionadas': None},False,,2025-08-31 11:35:04.240101+00:00
86,benign-sim-agent-001,servidor-saudavel,/var/www/html/wp-content/cache/page/index.html,,,0,,False,,2025-08-31 11:35:06.268349+00:00
87,benign-sim-agent-001,servidor-saudavel,/tmp/session_xyz123.tmp,,"user_id|s:1:""1"";",0,{'regras_acionadas': None},False,,2025-08-31 11:35:08.278622+00:00
88,benign-sim-agent-001,servidor-saudavel,/var/www/html/wp-content/uploads/2025/07/imagem_nova.jpg,,CONTEUDO_FALSO_DE_IMAGEM_JPG,0,{'regras_acionadas': None},False,,2025-08-31 11:35:10.302769+00:00
89,benign-sim-agent-001,servidor-saudavel,/var/www/html/wp-content/cache/page/index.html,,,0,,False,,2025-08-31 11:35:12.328527+00:00
90,benign-sim-agent-001,servidor-saudavel,/var/www/html/wp-content/cache/page/index.html,,,0,,False,,2025-08-31 11:35:14.338306+00:00
91,benign-sim-agent-001,servidor-saudavel,/var/www/html/wp-content/cache/page/index.html,,,0,,False,,2025-08-31 11:35:16.354799+00:00
92,benign-sim-agent-001,servidor-saudavel,/var/www/html/wp-content/cache/page/index.html,,,0,,False,,2025-08-31 11:35:18.365325+00:00
93,benign-sim-agent-001,servidor-saudavel,/tmp/session_xyz123.tmp,,"user_id|s:1:""1"";",0,{'regras_acionadas': None},False,,2025-08-31 11:35:20.374736+00:00
94,benign-sim-agent-001,servidor-saudavel,/var/www/html/wp-content/uploads/2025/07/imagem_nova.jpg,,CONTEUDO_FALSO_DE_IMAGEM_JPG,0,{'regras_acionadas': None},False,,2025-08-31 11:35:22.395763+00:00
95,benign-sim-agent-001,servidor-saudavel,/var/www/html/wp-content/cache/page/index.html,,,0,,False,,2025-08-31 11:35:24.678811+00:00
96,benign-sim-agent-001,servidor-saudavel,/tmp/session_xyz123.tmp,,"user_id|s:1:""1"";",0,{'regras_acionadas': None},False,,2025-08-31 11:35:26.689669+00:00
97,benign-sim-agent-001,servidor-saudavel,/var/www/html/wp-content/uploads/2025/07/imagem_nova.jpg,,CONTEUDO_FALSO_DE_IMAGEM_JPG,0,{'regras_acionadas': None},False,,2025-08-31 11:35:28.708526+00:00
98,benign-sim-agent-001,servidor-saudavel,/var/www/html/wp-content/uploads/2025/07/imagem_nova.jpg,,CONTEUDO_FALSO_DE_IMAGEM_JPG,0,{'regras_acionadas': None},False,,2025-08-31 11:35:30.729193+00:00
99,benign-sim-agent-001,servidor-saudavel,/var/www/html/wp-content/cache/page/index.html,,,0,,False,,2025-08-31 11:35:32.749453+00:00
100,benign-sim-agent-001,servidor-saudavel,/tmp/session_xyz123.tmp,,"user_id|s:1:""1"";",0,{'regras_acionadas': None},False,,2025-08-31 11:35:34.765151+00:00
101,benign-sim-agent-001,servidor-saudavel,/var/www/html/wp-content/cache/page/index.html,,,0,,False,,2025-08-31 11:35:36.789846+00:00
102,benign-sim-agent-001,servidor-saudavel,/var/www/html/wp-content/uploads/2025/07/imagem_nova.jpg,,CONTEUDO_FALSO_DE_IMAGEM_JPG,0,{'regras_acionadas': None},False,,2025-08-31 11:35:38.800151+00:00
103,benign-sim-agent-001,servidor-saudavel,/var/www/html/wp-content/uploads/2025/07/imagem_nova.jpg,,CONTEUDO_FALSO_DE_IMAGEM_JPG,0,{'regras_acionadas': None},False,,2025-08-31 11:35:40.819746+00:00
104,benign-sim-agent-001,servidor-saudavel,/tmp/session_xyz123.tmp,,"user_id|s:1:""1"";",0,{'regras_acionadas': None},False,,2025-08-31 11:35:42.843419+00:00
105,benign-sim-agent-001,servidor-saudavel,/var/www/html/wp-content/uploads/2025/07/imagem_nova.jpg,,CONTEUDO_FALSO_DE_IMAGEM_JPG,0,{'regras_acionadas': None},False,,2025-08-31 11:35:44.863601+00:00
106,benign-sim-agent-001,servidor-saudavel,/var/www/html/wp-content/uploads/2025/07/imagem_nova.jpg,,CONTEUDO_FALSO_DE_IMAGEM_JPG,0,{'regras_acionadas': None},False,,2025-08-31 11:35:46.891199+00:00
107,benign-sim-agent-001,servidor-saudavel,/var/www/html/wp-content/cache/page/index.html,,,0,,False,,2025-08-31 11:35:48.913867+00:00
108,benign-sim-agent-001,servidor-saudavel,/var/www/html/wp-content/cache/page/index.html,,,0,,False,,2025-08-31 11:35:50.924452+00:00
109,benign-sim-agent-001,servidor-saudavel,/var/www/html/wp-content/uploads/2025/07/imagem_nova.jpg,,CONTEUDO_FALSO_DE_IMAGEM_JPG,0,{'regras_acionadas': None},False,,2025-08-31 11:35:52.954767+00:00
110,benign-sim-agent-001,servidor-saudavel,/var/www/html/wp-content/uploads/2025/07/imagem_nova.jpg,,CONTEUDO_FALSO_DE_IMAGEM_JPG,0,{'regras_acionadas': None},False,,2025-08-31 11:35:54.976392+00:00
111,benign-sim-agent-001,servidor-saudavel,/var/www/html/wp-content/uploads/2025/07/imagem_nova.jpg,,CONTEUDO_FALSO_DE_IMAGEM_JPG,0,{'regras_acionadas': None},False,,2025-08-31 11:35:57.000034+00:00
112,benign-sim-agent-001,servidor-saudavel,/tmp/session_xyz123.tmp,,"user_id|s:1:""1"";",0,{'regras_acionadas': None},False,,2025-08-31 11:35:59.019122+00:00
113,benign-sim-agent-001,servidor-saudavel,/var/www/html/wp-content/uploads/2025/07/imagem_nova.jpg,,CONTEUDO_FALSO_DE_IMAGEM_JPG,0,{'regras_acionadas': None},False,,2025-08-31 11:36:01.043433+00:00
114,benign-sim-agent-001,servidor-saudavel,/tmp/session_xyz123.tmp,,"user_id|s:1:""1"";",0,{'regras_acionadas': None},False,,2025-08-31 11:36:03.062203+00:00
115,benign-sim-agent-001,servidor-saudavel,/var/www/html/wp-content/uploads/2025/07/imagem_nova.jpg,,CONTEUDO_FALSO_DE_IMAGEM_JPG,0,{'regras_acionadas': None},False,,2025-08-31 11:36:05.080453+00:00
116,benign-sim-agent-001,servidor-saudavel,/tmp/session_xyz123.tmp,,"user_id|s:1:""1"";",0,{'regras_acionadas': None},False,,2025-08-31 11:36:07.104917+00:00
117,benign-sim-agent-001,servidor-saudavel,/var/www/html/wp-content/cache/page/index.html,,,0,,False,,2025-08-31 11:36:09.124624+00:00
118,benign-sim-agent-001,servidor-saudavel,/tmp/session_xyz123.tmp,,"user_id|s:1:""1"";",0,{'regras_acionadas': None},False,,2025-08-31 11:36:11.134967+00:00
119,benign-sim-agent-001,servidor-saudavel,/var/www/html/wp-content/uploads/2025/07/imagem_nova.jpg,,CONTEUDO_FALSO_DE_IMAGEM_JPG,0,{'regras_acionadas': None},False,,2025-08-31 11:36:13.157216+00:00
120,benign-sim-agent-001,servidor-saudavel,/tmp/session_xyz123.tmp,,"user_id|s:1:""1"";",0,{'regras_acionadas': None},False,,2025-08-31 11:36:15.177702+00:00
121,benign-sim-agent-001,servidor-saudavel,/tmp/session_xyz123.tmp,,"user_id|s:1:""1"";",0,{'regras_acionadas': None},False,,2025-08-31 11:36:17.219469+00:00
122,benign-sim-agent-001,servidor-saudavel,/tmp/session_xyz123.tmp,,"user_id|s:1:""1"";",0,{'regras_acionadas': None},False,,2025-08-31 11:36:19.248259+00:00
123,benign-sim-agent-001,servidor-saudavel,/tmp/session_xyz123.tmp,,"user_id|s:1:""1"";",0,{'regras_acionadas': None},False,,2025-08-31 11:36:21.278082+00:00
124,benign-sim-agent-001,servidor-saudavel,/tmp/session_xyz123.tmp,,"user_id|s:1:""1"";",0,{'regras_acionadas': None},False,,2025-08-31 11:36:23.300462+00:00
125,benign-sim-agent-001,servidor-saudavel,/tmp/session_xyz123.tmp,,"user_id|s:1:""1"";",0,{'regras_acionadas': None},False,,2025-08-31 11:36:25.321376+00:00
126,benign-sim-agent-001,servidor-saudavel,/tmp/session_xyz123.tmp,,"user_id|s:1:""1"";",0,{'regras_acionadas': None},False,,2025-08-31 11:36:27.341518+00:00
127,benign-sim-agent-001,servidor-saudavel,/var/www/html/wp-content/cache/page/index.html,,,0,,False,,2025-08-31 11:36:29.361878+00:00
128,benign-sim-agent-001,servidor-saudavel,/tmp/session_xyz123.tmp,,"user_id|s:1:""1"";",0,{'regras_acionadas': None},False,,2025-08-31 11:36:31.371418+00:00
129,benign-sim-agent-001,servidor-saudavel,/var/www/html/wp-content/cache/page/index.html,,,0,,False,,2025-08-31 11:36:33.397323+00:00
130,benign-sim-agent-001,servidor-saudavel,/var/www/html/wp-content/uploads/2025/07/imagem_nova.jpg,,CONTEUDO_FALSO_DE_IMAGEM_JPG,0,{'regras_acionadas': None},False,,2025-08-31 11:36:35.407328+00:00
131,benign-sim-agent-001,servidor-saudavel,/var/www/html/wp-content/uploads/2025/07/imagem_nova.jpg,,CONTEUDO_FALSO_DE_IMAGEM_JPG,0,{'regras_acionadas': None},False,,2025-08-31 11:36:37.428139+00:00
132,benign-sim-agent-001,servidor-saudavel,/tmp/session_xyz123.tmp,,"user_id|s:1:""1"";",0,{'regras_acionadas': None},False,,2025-08-31 11:36:39.448736+00:00
133,benign-sim-agent-001,servidor-saudavel,/var/www/html/wp-content/cache/page/index.html,,,0,,False,,2025-08-31 11:36:41.467978+00:00
134,benign-sim-agent-001,servidor-saudavel,/var/www/html/wp-content/cache/page/index.html,,,0,,False,,2025-08-31 11:36:43.483046+00:00
135,benign-sim-agent-001,servidor-saudavel,/var/www/html/wp-content/uploads/2025/07/imagem_nova.jpg,,CONTEUDO_FALSO_DE_IMAGEM_JPG,0,{'regras_acionadas': None},False,,2025-08-31 11:36:45.492700+00:00
136,benign-sim-agent-001,servidor-saudavel,/var/www/html/wp-content/uploads/2025/07/imagem_nova.jpg,,CONTEUDO_FALSO_DE_IMAGEM_JPG,0,{'regras_acionadas': None},False,,2025-08-31 11:36:47.524274+00:00
137,benign-sim-agent-001,servidor-saudavel,/var/www/html/wp-content/cache/page/index.html,,,0,,False,,2025-08-31 11:36:49.543648+00:00
138,benign-sim-agent-001,servidor-saudavel,/var/www/html/wp-content/cache/page/index.html,,,0,,False,,2025-08-31 11:36:51.554968+00:00
139,benign-sim-agent-001,servidor-saudavel,/tmp/session_xyz123.tmp,,"user_id|s:1:""1"";",0,{'regras_acionadas': None},False,,2025-08-31 11:36:53.569282+00:00
140,benign-sim-agent-001,servidor-saudavel,/tmp/session_xyz123.tmp,,"user_id|s:1:""1"";",0,{'regras_acionadas': None},False,,2025-08-31 11:36:55.594887+00:00
141,benign-sim-agent-001,servidor-saudavel,/var/www/html/wp-content/cache/page/index.html,,,0,,False,,2025-08-31 11:36:57.615071+00:00
142,benign-sim-agent-001,servidor-saudavel,/var/www/html/wp-content/uploads/2025/07/imagem_nova.jpg,,CONTEUDO_FALSO_DE_IMAGEM_JPG,0,{'regras_acionadas': None},False,,2025-08-31 11:36:59.627634+00:00
143,benign-sim-agent-001,servidor-saudavel,/var/www/html/wp-content/cache/page/index.html,,,0,,False,,2025-08-31 11:37:01.652529+00:00
144,benign-sim-agent-001,servidor-saudavel,/tmp/session_xyz123.tmp,,"user_id|s:1:""1"";",0,{'regras_acionadas': None},False,,2025-08-31 11:37:03.667217+00:00
145,benign-sim-agent-001,servidor-saudavel,/tmp/session_xyz123.tmp,,"user_id|s:1:""1"";",0,{'regras_acionadas': None},False,,2025-08-31 11:37:05.687649+00:00
146,benign-sim-agent-001,servidor-saudavel,/var/www/html/wp-content/cache/page/index.html,,,0,,False,,2025-08-31 11:37:07.708072+00:00
147,benign-sim-agent-001,servidor-saudavel,/var/www/html/wp-content/uploads/2025/07/imagem_nova.jpg,,CONTEUDO_FALSO_DE_IMAGEM_JPG,0,{'regras_acionadas': None},False,,2025-08-31 11:37:09.722556+00:00
148,benign-sim-agent-001,servidor-saudavel,/var/www/html/wp-content/uploads/2025/07/imagem_nova.jpg,,CONTEUDO_FALSO_DE_IMAGEM_JPG,0,{'regras_acionadas': None},False,,2025-08-31 11:37:11.742353+00:00
149,benign-sim-agent-001,servidor-saudavel,/tmp/session_xyz123.tmp,,"user_id|s:1:""1"";",0,{'regras_acionadas': None},False,,2025-08-31 11:37:13.766393+00:00
150,benign-sim-agent-001,servidor-saudavel,/tmp/session_xyz123.tmp,,"user_id|s:1:""1"";",0,{'regras_acionadas': None},False,,2025-08-31 11:37:15.786982+00:00
151,benign-sim-agent-001,servidor-saudavel,/var/www/html/wp-content/cache/page/index.html,,,0,,False,,2025-08-31 11:37:17.806136+00:00
152,benign-sim-agent-001,servidor-saudavel,/tmp/session_xyz123.tmp,,"user_id|s:1:""1"";",0,{'regras_acionadas': None},False,,2025-08-31 11:37:19.827476+00:00
153,benign-sim-agent-001,servidor-saudavel,/var/www/html/wp-content/cache/page/index.html,,,0,,False,,2025-08-31 11:37:21.846991+00:00
154,benign-sim-agent-001,servidor-saudavel,/tmp/session_xyz123.tmp,,"user_id|s:1:""1"";",0,{'regras_acionadas': None},False,,2025-08-31 11:37:23.861332+00:00
155,benign-sim-agent-001,servidor-saudavel,/tmp/session_xyz123.tmp,,"user_id|s:1:""1"";",0,{'regras_acionadas': None},False,,2025-08-31 11:37:25.881885+00:00
156,benign-sim-agent-001,servidor-saudavel,/var/www/html/wp-content/uploads/2025/07/imagem_nova.jpg,,CONTEUDO_FALSO_DE_IMAGEM_JPG,0,{'regras_acionadas': None},False,,2025-08-31 11:37:27.904512+00:00
157,benign-sim-agent-001,servidor-saudavel,/tmp/session_xyz123.tmp,,"user_id|s:1:""1"";",0,{'regras_acionadas': None},False,,2025-08-31 11:37:29.925060+00:00
158,benign-sim-agent-001,servidor-saudavel,/tmp/session_xyz123.tmp,,"user_id|s:1:""1"";",0,{'regras_acionadas': None},False,,2025-08-31 11:37:31.950274+00:00
159,benign-sim-agent-001,servidor-saudavel,/var/www/html/wp-content/cache/page/index.html,,,0,,False,,2025-08-31 11:37:33.972997+00:00
160,benign-sim-agent-001,servidor-saudavel,/tmp/session_xyz123.tmp,,"user_id|s:1:""1"";",0,{'regras_acionadas': None},False,,2025-08-31 11:37:35.982380+00:00
161,benign-sim-agent-001,servidor-saudavel,/var/www/html/wp-content/uploads/2025/07/imagem_nova.jpg,,CONTEUDO_FALSO_DE_IMAGEM_JPG,0,{'regras_acionadas': None},False,,2025-08-31 11:37:38.001641+00:00
162,benign-sim-agent-001,servidor-saudavel,/var/www/html/wp-content/cache/page/index.html,,,0,,False,,2025-08-31 11:37:40.021408+00:00
163,benign-sim-agent-001,servidor-saudavel,/var/www/html/wp-content/uploads/2025/07/imagem_nova.jpg,,CONTEUDO_FALSO_DE_IMAGEM_JPG,0,{'regras_acionadas': None},False,,2025-08-31 11:37:42.032213+00:00
164,benign-sim-agent-001,servidor-saudavel,/var/www/html/wp-content/uploads/2025/07/imagem_nova.jpg,,CONTEUDO_FALSO_DE_IMAGEM_JPG,0,{'regras_acionadas': None},False,,2025-08-31 11:37:44.058233+00:00
165,benign-sim-agent-001,servidor-saudavel,/var/www/html/wp-content/uploads/2025/07/imagem_nova.jpg,,CONTEUDO_FALSO_DE_IMAGEM_JPG,0,{'regras_acionadas': None},False,,2025-08-31 11:37:46.084673+00:00
166,benign-sim-agent-001,servidor-saudavel,/var/www/html/wp-content/uploads/2025/07/imagem_nova.jpg,,CONTEUDO_FALSO_DE_IMAGEM_JPG,0,{'regras_acionadas': None},False,,2025-08-31 11:37:48.105003+00:00
167,benign-sim-agent-001,servidor-saudavel,/var/www/html/wp-content/cache/page/index.html,,,0,,False,,2025-08-31 11:37:50.128110+00:00
168,benign-sim-agent-001,servidor-saudavel,/tmp/session_xyz123.tmp,,"user_id|s:1:""1"";",0,{'regras_acionadas': None},False,,2025-08-31 11:37:52.148619+00:00
169,benign-sim-agent-001,servidor-saudavel,/tmp/session_xyz123.tmp,,"user_id|s:1:""1"";",0,{'regras_acionadas': None},False,,2025-08-31 11:37:54.178160+00:00
170,benign-sim-agent-001,servidor-saudavel,/var/www/html/wp-content/uploads/2025/07/imagem_nova.jpg,,CONTEUDO_FALSO_DE_IMAGEM_JPG,0,{'regras_acionadas': None},False,,2025-08-31 11:37:56.198710+00:00
171,benign-sim-agent-001,servidor-saudavel,/tmp/session_xyz123.tmp,,"user_id|s:1:""1"";",0,{'regras_acionadas': None},False,,2025-08-31 11:37:58.217690+00:00
172,benign-sim-agent-001,servidor-saudavel,/tmp/session_xyz123.tmp,,"user_id|s:1:""1"";",0,{'regras_acionadas': None},False,,2025-08-31 11:38:00.237700+00:00
173,benign-sim-agent-001,servidor-saudavel,/tmp/session_xyz123.tmp,,"user_id|s:1:""1"";",0,{'regras_acionadas': None},False,,2025-08-31 11:38:02.261221+00:00
174,benign-sim-agent-001,servidor-saudavel,/var/www/html/wp-content/cache/page/index.html,,,0,,False,,2025-08-31 11:38:04.290612+00:00
175,benign-sim-agent-001,servidor-saudavel,/var/www/html/wp-content/cache/page/index.html,,,0,,False,,2025-08-31 11:38:06.301111+00:00
176,benign-sim-agent-001,servidor-saudavel,/var/www/html/wp-content/uploads/2025/07/imagem_nova.jpg,,CONTEUDO_FALSO_DE_IMAGEM_JPG,0,{'regras_acionadas': None},False,,2025-08-31 11:38:08.316271+00:00
177,benign-sim-agent-001,servidor-saudavel,/var/www/html/wp-content/uploads/2025/07/imagem_nova.jpg,,CONTEUDO_FALSO_DE_IMAGEM_JPG,0,{'regras_acionadas': None},False,,2025-08-31 11:38:10.343053+00:00
178,benign-sim-agent-001,servidor-saudavel,/var/www/html/wp-content/cache/page/index.html,,,0,,False,,2025-08-31 11:38:12.361988+00:00
179,benign-sim-agent-001,servidor-saudavel,/var/www/html/wp-content/cache/page/index.html,,,0,,False,,2025-08-31 11:38:14.379598+00:00
180,benign-sim-agent-001,servidor-saudavel,/tmp/session_xyz123.tmp,,"user_id|s:1:""1"";",0,{'regras_acionadas': None},False,,2025-08-31 11:38:16.398883+00:00
181,benign-sim-agent-001,servidor-saudavel,/tmp/session_xyz123.tmp,,"user_id|s:1:""1"";",0,{'regras_acionadas': None},False,,2025-08-31 11:38:18.427806+00:00
182,benign-sim-agent-001,servidor-saudavel,/var/www/html/wp-content/uploads/2025/07/imagem_nova.jpg,,CONTEUDO_FALSO_DE_IMAGEM_JPG,0,{'regras_acionadas': None},False,,2025-08-31 11:38:20.449200+00:00
183,benign-sim-agent-001,servidor-saudavel,/tmp/session_xyz123.tmp,,"user_id|s:1:""1"";",0,{'regras_acionadas': None},False,,2025-08-31 11:38:22.468313+00:00
184,benign-sim-agent-001,servidor-saudavel,/var/www/html/wp-content/uploads/2025/07/imagem_nova.jpg,,CONTEUDO_FALSO_DE_IMAGEM_JPG,0,{'regras_acionadas': None},False,,2025-08-31 11:38:24.490821+00:00
185,benign-sim-agent-001,servidor-saudavel,/var/www/html/wp-content/uploads/2025/07/imagem_nova.jpg,,CONTEUDO_FALSO_DE_IMAGEM_JPG,0,{'regras_acionadas': None},False,,2025-08-31 11:38:26.511374+00:00
186,benign-sim-agent-001,servidor-saudavel,/var/www/html/wp-content/uploads/2025/07/imagem_nova.jpg,,CONTEUDO_FALSO_DE_IMAGEM_JPG,0,{'regras_acionadas': None},False,,2025-08-31 11:38:28.530779+00:00
187,benign-sim-agent-001,servidor-saudavel,/var/www/html/wp-content/cache/page/index.html,,,0,,False,,2025-08-31 11:38:30.551393+00:00
188,benign-sim-agent-001,servidor-saudavel,/var/www/html/wp-content/cache/page/index.html,,,0,,False,,2025-08-31 11:38:32.562383+00:00
189,benign-sim-agent-001,servidor-saudavel,/var/www/html/wp-content/cache/page/index.html,,,0,,False,,2025-08-31 11:38:34.575509+00:00
190,benign-sim-agent-001,servidor-saudavel,/var/www/html/wp-content/uploads/2025/07/imagem_nova.jpg,,CONTEUDO_FALSO_DE_IMAGEM_JPG,0,{'regras_acionadas': None},False,,2025-08-31 11:38:36.585365+00:00
191,benign-sim-agent-001,servidor-saudavel,/tmp/session_xyz123.tmp,,"user_id|s:1:""1"";",0,{'regras_acionadas': None},False,,2025-08-31 11:38:38.607377+00:00
192,benign-sim-agent-001,servidor-saudavel,/var/www/html/wp-content/uploads/2025/07/imagem_nova.jpg,,CONTEUDO_FALSO_DE_IMAGEM_JPG,0,{'regras_acionadas': None},False,,2025-08-31 11:38:40.642345+00:00
193,benign-sim-agent-001,servidor-saudavel,/tmp/session_xyz123.tmp,,"user_id|s:1:""1"";",0,{'regras_acionadas': None},False,,2025-08-31 11:38:42.662227+00:00
194,benign-sim-agent-001,servidor-saudavel,/var/www/html/wp-content/uploads/2025/07/imagem_nova.jpg,,CONTEUDO_FALSO_DE_IMAGEM_JPG,0,{'regras_acionadas': None},False,,2025-08-31 11:38:44.726091+00:00
195,benign-sim-agent-001,servidor-saudavel,/var/www/html/wp-content/cache/page/index.html,,,0,,False,,2025-08-31 11:38:46.750520+00:00
196,benign-sim-agent-001,servidor-saudavel,/tmp/session_xyz123.tmp,,"user_id|s:1:""1"";",0,{'regras_acionadas': None},False,,2025-08-31 11:38:48.767417+00:00
197,benign-sim-agent-001,servidor-saudavel,/var/www/html/wp-content/cache/page/index.html,,,0,,False,,2025-08-31 11:38:50.790586+00:00
198,benign-sim-agent-001,servidor-saudavel,/tmp/session_xyz123.tmp,,"user_id|s:1:""1"";",0,{'regras_acionadas': None},False,,2025-08-31 11:38:52.800821+00:00
199,benign-sim-agent-001,servidor-saudavel,/tmp/session_xyz123.tmp,,"user_id|s:1:""1"";",0,{'regras_acionadas': None},False,,2025-08-31 11:38:54.830609+00:00
200,benign-sim-agent-001,servidor-saudavel,/var/www/html/wp-content/uploads/2025/07/imagem_nova.jpg,,CONTEUDO_FALSO_DE_IMAGEM_JPG,0,{'regras_acionadas': None},False,,2025-08-31 11:38:56.850507+00:00
201,benign-sim-agent-001,servidor-saudavel,/tmp/session_xyz123.tmp,,"user_id|s:1:""1"";",0,{'regras_acionadas': None},False,,2025-08-31 11:38:58.869254+00:00
202,benign-sim-agent-001,servidor-saudavel,/var/www/html/wp-content/uploads/2025/07/imagem_nova.jpg,,CONTEUDO_FALSO_DE_IMAGEM_JPG,0,{'regras_acionadas': None},False,,2025-08-31 11:39:00.890057+00:00
203,benign-sim-agent-001,servidor-saudavel,/tmp/session_xyz123.tmp,,"user_id|s:1:""1"";",0,{'regras_acionadas': None},False,,2025-08-31 11:39:02.912684+00:00
204,benign-sim-agent-001,servidor-saudavel,/var/www/html/wp-content/cache/page/index.html,,,0,,False,,2025-08-31 11:39:04.936664+00:00
205,benign-sim-agent-001,servidor-saudavel,/var/www/html/wp-content/cache/page/index.html,,,0,,False,,2025-08-31 11:39:06.947341+00:00
206,benign-sim-agent-001,servidor-saudavel,/var/www/html/wp-content/uploads/2025/07/imagem_nova.jpg,,CONTEUDO_FALSO_DE_IMAGEM_JPG,0,{'regras_acionadas': None},False,,2025-08-31 11:39:08.957864+00:00
207,benign-sim-agent-001,servidor-saudavel,/tmp/session_xyz123.tmp,,"user_id|s:1:""1"";",0,{'regras_acionadas': None},False,,2025-08-31 11:39:10.985524+00:00
208,benign-sim-agent-001,servidor-saudavel,/var/www/html/wp-content/cache/page/index.html,,,0,,False,,2025-08-31 11:39:13.005239+00:00
209,benign-sim-agent-001,servidor-saudavel,/var/www/html/wp-content/cache/page/index.html,,,0,,False,,2025-08-31 11:39:15.020965+00:00
210,benign-sim-agent-001,servidor-saudavel,/var/www/html/wp-content/cache/page/index.html,,,0,,False,,2025-08-31 11:39:17.031061+00:00
211,benign-sim-agent-001,servidor-saudavel,/tmp/session_xyz123.tmp,,"user_id|s:1:""1"";",0,{'regras_acionadas': None},False,,2025-08-31 11:39:19.042559+00:00
212,benign-sim-agent-001,servidor-saudavel,/var/www/html/wp-content/cache/page/index.html,,,0,,False,,2025-08-31 11:39:21.064618+00:00
213,benign-sim-agent-001,servidor-saudavel,/tmp/session_xyz123.tmp,,"user_id|s:1:""1"";",0,{'regras_acionadas': None},False,,2025-08-31 11:39:23.074696+00:00
214,benign-sim-agent-001,servidor-saudavel,/var/www/html/wp-content/uploads/2025/07/imagem_nova.jpg,,CONTEUDO_FALSO_DE_IMAGEM_JPG,0,{'regras_acionadas': None},False,,2025-08-31 11:39:25.103557+00:00
215,benign-sim-agent-001,servidor-saudavel,/var/www/html/wp-content/uploads/2025/07/imagem_nova.jpg,,CONTEUDO_FALSO_DE_IMAGEM_JPG,0,{'regras_acionadas': None},False,,2025-08-31 11:39:27.129052+00:00
216,benign-sim-agent-001,servidor-saudavel,/var/www/html/wp-content/uploads/2025/07/imagem_nova.jpg,,CONTEUDO_FALSO_DE_IMAGEM_JPG,0,{'regras_acionadas': None},False,,2025-08-31 11:39:29.147859+00:00
217,benign-sim-agent-001,servidor-saudavel,/var/www/html/wp-content/uploads/2025/07/imagem_nova.jpg,,CONTEUDO_FALSO_DE_IMAGEM_JPG,0,{'regras_acionadas': None},False,,2025-08-31 11:39:31.169214+00:00
218,benign-sim-agent-001,servidor-saudavel,/var/www/html/wp-content/uploads/2025/07/imagem_nova.jpg,,CONTEUDO_FALSO_DE_IMAGEM_JPG,0,{'regras_acionadas': None},False,,2025-08-31 11:39:33.193191+00:00
219,benign-sim-agent-001,servidor-saudavel,/var/www/html/wp-content/uploads/2025/07/imagem_nova.jpg,,CONTEUDO_FALSO_DE_IMAGEM_JPG,0,{'regras_acionadas': None},False,,2025-08-31 11:39:35.215810+00:00
220,benign-sim-agent-001,servidor-saudavel,/var/www/html/wp-content/cache/page/index.html,,,0,,False,,2025-08-31 11:39:37.241400+00:00
221,benign-sim-agent-001,servidor-saudavel,/var/www/html/wp-content/uploads/2025/07/imagem_nova.jpg,,CONTEUDO_FALSO_DE_IMAGEM_JPG,0,{'regras_acionadas': None},False,,2025-08-31 11:39:39.252336+00:00
222,benign-sim-agent-001,servidor-saudavel,/var/www/html/wp-content/uploads/2025/07/imagem_nova.jpg,,CONTEUDO_FALSO_DE_IMAGEM_JPG,0,{'regras_acionadas': None},False,,2025-08-31 11:39:41.278565+00:00
223,benign-sim-agent-001,servidor-saudavel,/var/www/html/wp-content/cache/page/index.html,,,0,,False,,2025-08-31 11:39:43.305402+00:00
224,benign-sim-agent-001,servidor-saudavel,/var/www/html/wp-content/cache/page/index.html,,,0,,False,,2025-08-31 11:39:45.319275+00:00
225,benign-sim-agent-001,servidor-saudavel,/var/www/html/wp-content/cache/page/index.html,,,0,,False,,2025-08-31 11:39:47.401897+00:00
226,benign-sim-agent-001,servidor-saudavel,/var/www/html/wp-content/uploads/2025/07/imagem_nova.jpg,,CONTEUDO_FALSO_DE_IMAGEM_JPG,0,{'regras_acionadas': None},False,,2025-08-31 11:39:49.439759+00:00
227,benign-sim-agent-001,servidor-saudavel,/var/www/html/wp-content/cache/page/index.html,,,0,,False,,2025-08-31 11:39:51.511982+00:00
228,benign-sim-agent-001,servidor-saudavel,/tmp/session_xyz123.tmp,,"user_id|s:1:""1"";",0,{'regras_acionadas': None},False,,2025-08-31 11:39:53.553714+00:00
229,benign-sim-agent-001,servidor-saudavel,/var/www/html/wp-content/cache/page/index.html,,,0,,False,,2025-08-31 11:39:55.606465+00:00
230,benign-sim-agent-001,servidor-saudavel,/var/www/html/wp-content/uploads/2025/07/imagem_nova.jpg,,CONTEUDO_FALSO_DE_IMAGEM_JPG,0,{'regras_acionadas': None},False,,2025-08-31 11:39:57.615666+00:00
231,benign-sim-agent-001,servidor-saudavel,/var/www/html/wp-content/cache/page/index.html,,,0,,False,,2025-08-31 11:39:59.635391+00:00
232,benign-sim-agent-001,servidor-saudavel,/var/www/html/wp-content/uploads/2025/07/imagem_nova.jpg,,CONTEUDO_FALSO_DE_IMAGEM_JPG,0,{'regras_acionadas': None},False,,2025-08-31 11:40:01.648261+00:00
233,benign-sim-agent-001,servidor-saudavel,/var/www/html/wp-content/cache/page/index.html,,,0,,False,,2025-08-31 11:40:03.674789+00:00
234,benign-sim-agent-001,servidor-saudavel,/var/www/html/wp-content/uploads/2025/07/imagem_nova.jpg,,CONTEUDO_FALSO_DE_IMAGEM_JPG,0,{'regras_acionadas': None},False,,2025-08-31 11:40:05.689249+00:00
235,benign-sim-agent-001,servidor-saudavel,/tmp/session_xyz123.tmp,,"user_id|s:1:""1"";",0,{'regras_acionadas': None},False,,2025-08-31 11:40:07.710079+00:00
236,benign-sim-agent-001,servidor-saudavel,/var/www/html/wp-content/uploads/2025/07/imagem_nova.jpg,,CONTEUDO_FALSO_DE_IMAGEM_JPG,0,{'regras_acionadas': None},False,,2025-08-31 11:40:09.734420+00:00
237,benign-sim-agent-001,servidor-saudavel,/tmp/session_xyz123.tmp,,"user_id|s:1:""1"";",0,{'regras_acionadas': None},False,,2025-08-31 11:40:11.755276+00:00
238,benign-sim-agent-001,servidor-saudavel,/var/www/html/wp-content/cache/page/index.html,,,0,,False,,2025-08-31 11:40:13.775190+00:00
239,benign-sim-agent-001,servidor-saudavel,/var/www/html/wp-content/cache/page/index.html,,,0,,False,,2025-08-31 11:40:15.789669+00:00
240,benign-sim-agent-001,servidor-saudavel,/var/www/html/wp-content/cache/page/index.html,,,0,,False,,2025-08-31 11:40:17.800322+00:00
241,benign-sim-agent-001,servidor-saudavel,/var/www/html/wp-content/cache/page/index.html,,,0,,False,,2025-08-31 11:40:19.810468+00:00
242,benign-sim-agent-001,servidor-saudavel,/tmp/session_xyz123.tmp,,"user_id|s:1:""1"";",0,{'regras_acionadas': None},False,,2025-08-31 11:40:21.822527+00:00
243,benign-sim-agent-001,servidor-saudavel,/tmp/session_xyz123.tmp,,"user_id|s:1:""1"";",0,{'regras_acionadas': None},False,,2025-08-31 11:40:23.843037+00:00
244,benign-sim-agent-001,servidor-saudavel,/var/www/html/wp-content/uploads/2025/07/imagem_nova.jpg,,CONTEUDO_FALSO_DE_IMAGEM_JPG,0,{'regras_acionadas': None},False,,2025-08-31 11:40:25.865706+00:00
245,benign-sim-agent-001,servidor-saudavel,/tmp/session_xyz123.tmp,,"user_id|s:1:""1"";",0,{'regras_acionadas': None},False,,2025-08-31 11:40:27.886079+00:00
246,benign-sim-agent-001,servidor-saudavel,/var/www/html/wp-content/cache/page/index.html,,,0,,False,,2025-08-31 11:40:29.909366+00:00
247,benign-sim-agent-001,servidor-saudavel,/tmp/session_xyz123.tmp,,"user_id|s:1:""1"";",0,{'regras_acionadas': None},False,,2025-08-31 11:40:31.923789+00:00
248,benign-sim-agent-001,servidor-saudavel,/tmp/session_xyz123.tmp,,"user_id|s:1:""1"";",0,{'regras_acionadas': None},False,,2025-08-31 11:40:33.942817+00:00
249,benign-sim-agent-001,servidor-saudavel,/tmp/session_xyz123.tmp,,"user_id|s:1:""1"";",0,{'regras_acionadas': None},False,,2025-08-31 11:40:35.965764+00:00
250,benign-sim-agent-001,servidor-saudavel,/var/www/html/wp-content/uploads/2025/07/imagem_nova.jpg,,CONTEUDO_FALSO_DE_IMAGEM_JPG,0,{'regras_acionadas': None},False,,2025-08-31 11:40:37.988488+00:00
251,benign-sim-agent-001,servidor-saudavel,/var/www/html/wp-content/uploads/2025/07/imagem_nova.jpg,,CONTEUDO_FALSO_DE_IMAGEM_JPG,0,{'regras_acionadas': None},False,,2025-08-31 11:40:40.008851+00:00
252,benign-sim-agent-001,servidor-saudavel,/var/www/html/wp-content/cache/page/index.html,,,0,,False,,2025-08-31 11:40:42.029870+00:00
253,benign-sim-agent-001,servidor-saudavel,/tmp/session_xyz123.tmp,,"user_id|s:1:""1"";",0,{'regras_acionadas': None},False,,2025-08-31 11:40:44.041271+00:00
254,benign-sim-agent-001,servidor-saudavel,/tmp/session_xyz123.tmp,,"user_id|s:1:""1"";",0,{'regras_acionadas': None},False,,2025-08-31 11:40:46.069747+00:00
255,benign-sim-agent-001,servidor-saudavel,/var/www/html/wp-content/cache/page/index.html,,,0,,False,,2025-08-31 11:40:48.089831+00:00
256,benign-sim-agent-001,servidor-saudavel,/tmp/session_xyz123.tmp,,"user_id|s:1:""1"";",0,{'regras_acionadas': None},False,,2025-08-31 11:40:50.103254+00:00
257,benign-sim-agent-001,servidor-saudavel,/var/www/html/wp-content/uploads/2025/07/imagem_nova.jpg,,CONTEUDO_FALSO_DE_IMAGEM_JPG,0,{'regras_acionadas': None},False,,2025-08-31 11:40:52.122304+00:00
258,benign-sim-agent-001,servidor-saudavel,/tmp/session_xyz123.tmp,,"user_id|s:1:""1"";",0,{'regras_acionadas': None},False,,2025-08-31 11:40:54.145213+00:00
259,benign-sim-agent-001,servidor-saudavel,/var/www/html/wp-content/uploads/2025/07/imagem_nova.jpg,,CONTEUDO_FALSO_DE_IMAGEM_JPG,0,{'regras_acionadas': None},False,,2025-08-31 11:40:56.176615+00:00
260,benign-sim-agent-001,servidor-saudavel,/var/www/html/wp-content/cache/page/index.html,,,0,,False,,2025-08-31 11:40:58.195559+00:00
261,benign-sim-agent-001,servidor-saudavel,/var/www/html/wp-content/uploads/2025/07/imagem_nova.jpg,,CONTEUDO_FALSO_DE_IMAGEM_JPG,0,{'regras_acionadas': None},False,,2025-08-31 11:41:00.206120+00:00
262,benign-sim-agent-001,servidor-saudavel,/var/www/html/wp-content/uploads/2025/07/imagem_nova.jpg,,CONTEUDO_FALSO_DE_IMAGEM_JPG,0,{'regras_acionadas': None},False,,2025-08-31 11:41:02.226550+00:00
263,benign-sim-agent-001,servidor-saudavel,/var/www/html/wp-content/uploads/2025/07/imagem_nova.jpg,,CONTEUDO_FALSO_DE_IMAGEM_JPG,0,{'regras_acionadas': None},False,,2025-08-31 11:41:04.247005+00:00
264,benign-sim-agent-001,servidor-saudavel,/var/www/html/wp-content/uploads/2025/07/imagem_nova.jpg,,CONTEUDO_FALSO_DE_IMAGEM_JPG,0,{'regras_acionadas': None},False,,2025-08-31 11:41:06.270157+00:00
265,benign-sim-agent-001,servidor-saudavel,/var/www/html/wp-content/uploads/2025/07/imagem_nova.jpg,,CONTEUDO_FALSO_DE_IMAGEM_JPG,0,{'regras_acionadas': None},False,,2025-08-31 11:41:08.293598+00:00
266,benign-sim-agent-001,servidor-saudavel,/tmp/session_xyz123.tmp,,"user_id|s:1:""1"";",0,{'regras_acionadas': None},False,,2025-08-31 11:41:10.313358+00:00
267,benign-sim-agent-001,servidor-saudavel,/var/www/html/wp-content/cache/page/index.html,,,0,,False,,2025-08-31 11:41:12.337498+00:00
268,benign-sim-agent-001,servidor-saudavel,/var/www/html/wp-content/uploads/2025/07/imagem_nova.jpg,,CONTEUDO_FALSO_DE_IMAGEM_JPG,0,{'regras_acionadas': None},False,,2025-08-31 11:41:14.347931+00:00
269,benign-sim-agent-001,servidor-saudavel,/tmp/session_xyz123.tmp,,"user_id|s:1:""1"";",0,{'regras_acionadas': None},False,,2025-08-31 11:41:16.373732+00:00
270,benign-sim-agent-001,servidor-saudavel,/var/www/html/wp-content/uploads/2025/07/imagem_nova.jpg,,CONTEUDO_FALSO_DE_IMAGEM_JPG,0,{'regras_acionadas': None},False,,2025-08-31 11:41:18.394051+00:00
271,benign-sim-agent-001,servidor-saudavel,/var/www/html/wp-content/uploads/2025/07/imagem_nova.jpg,,CONTEUDO_FALSO_DE_IMAGEM_JPG,0,{'regras_acionadas': None},False,,2025-08-31 11:41:20.413506+00:00
272,benign-sim-agent-001,servidor-saudavel,/var/www/html/wp-content/cache/page/index.html,,,0,,False,,2025-08-31 11:41:22.437900+00:00
273,benign-sim-agent-001,servidor-saudavel,/var/www/html/wp-content/uploads/2025/07/imagem_nova.jpg,,CONTEUDO_FALSO_DE_IMAGEM_JPG,0,{'regras_acionadas': None},False,,2025-08-31 11:41:24.458063+00:00
274,benign-sim-agent-001,servidor-saudavel,/var/www/html/wp-content/uploads/2025/07/imagem_nova.jpg,,CONTEUDO_FALSO_DE_IMAGEM_JPG,0,{'regras_acionadas': None},False,,2025-08-31 11:41:26.479281+00:00
275,benign-sim-agent-001,servidor-saudavel,/var/www/html/wp-content/uploads/2025/07/imagem_nova.jpg,,CONTEUDO_FALSO_DE_IMAGEM_JPG,0,{'regras_acionadas': None},False,,2025-08-31 11:41:28.498051+00:00
276,benign-sim-agent-001,servidor-saudavel,/tmp/session_xyz123.tmp,,"user_id|s:1:""1"";",0,{'regras_acionadas': None},False,,2025-08-31 11:41:30.517352+00:00
277,benign-sim-agent-001,servidor-saudavel,/var/www/html/wp-content/cache/page/index.html,,,0,,False,,2025-08-31 11:41:32.541790+00:00
278,benign-sim-agent-001,servidor-saudavel,/var/www/html/wp-content/cache/page/index.html,,,0,,False,,2025-08-31 11:41:34.553739+00:00
279,benign-sim-agent-001,servidor-saudavel,/var/www/html/wp-content/uploads/2025/07/imagem_nova.jpg,,CONTEUDO_FALSO_DE_IMAGEM_JPG,0,{'regras_acionadas': None},False,,2025-08-31 11:41:36.563799+00:00
280,benign-sim-agent-001,servidor-saudavel,/var/www/html/wp-content/cache/page/index.html,,,0,,False,,2025-08-31 11:41:38.585991+00:00
281,benign-sim-agent-001,servidor-saudavel,/var/www/html/wp-content/uploads/2025/07/imagem_nova.jpg,,CONTEUDO_FALSO_DE_IMAGEM_JPG,0,{'regras_acionadas': None},False,,2025-08-31 11:41:40.607474+00:00
282,benign-sim-agent-001,servidor-saudavel,/var/www/html/wp-content/cache/page/index.html,,,0,,False,,2025-08-31 11:41:42.646515+00:00
283,benign-sim-agent-001,servidor-saudavel,/var/www/html/wp-content/cache/page/index.html,,,0,,False,,2025-08-31 11:41:44.656829+00:00
284,benign-sim-agent-001,servidor-saudavel,/var/www/html/wp-content/cache/page/index.html,,,0,,False,,2025-08-31 11:41:46.670288+00:00
285,benign-sim-agent-001,servidor-saudavel,/tmp/session_xyz123.tmp,,"user_id|s:1:""1"";",0,{'regras_acionadas': None},False,,2025-08-31 11:41:48.704758+00:00
286,benign-sim-agent-001,servidor-saudavel,/var/www/html/wp-content/cache/page/index.html,,,0,,False,,2025-08-31 11:41:50.738360+00:00
287,benign-sim-agent-001,servidor-saudavel,/var/www/html/wp-content/uploads/2025/07/imagem_nova.jpg,,CONTEUDO_FALSO_DE_IMAGEM_JPG,0,{'regras_acionadas': None},False,,2025-08-31 11:41:52.751840+00:00
288,benign-sim-agent-001,servidor-saudavel,/tmp/session_xyz123.tmp,,"user_id|s:1:""1"";",0,{'regras_acionadas': None},False,,2025-08-31 11:41:54.771780+00:00
289,benign-sim-agent-001,servidor-saudavel,/var/www/html/wp-content/uploads/2025/07/imagem_nova.jpg,,CONTEUDO_FALSO_DE_IMAGEM_JPG,0,{'regras_acionadas': None},False,,2025-08-31 11:41:56.801738+00:00
290,benign-sim-agent-001,servidor-saudavel,/var/www/html/wp-content/uploads/2025/07/imagem_nova.jpg,,CONTEUDO_FALSO_DE_IMAGEM_JPG,0,{'regras_acionadas': None},False,,2025-08-31 11:41:58.820960+00:00
291,benign-sim-agent-001,servidor-saudavel,/var/www/html/wp-content/uploads/2025/07/imagem_nova.jpg,,CONTEUDO_FALSO_DE_IMAGEM_JPG,0,{'regras_acionadas': None},False,,2025-08-31 11:42:00.841238+00:00
292,benign-sim-agent-001,servidor-saudavel,/var/www/html/wp-content/uploads/2025/07/imagem_nova.jpg,,CONTEUDO_FALSO_DE_IMAGEM_JPG,0,{'regras_acionadas': None},False,,2025-08-31 11:42:02.862817+00:00
293,benign-sim-agent-001,servidor-saudavel,/var/www/html/wp-content/uploads/2025/07/imagem_nova.jpg,,CONTEUDO_FALSO_DE_IMAGEM_JPG,0,{'regras_acionadas': None},False,,2025-08-31 11:42:04.888306+00:00
294,benign-sim-agent-001,servidor-saudavel,/var/www/html/wp-content/uploads/2025/07/imagem_nova.jpg,,CONTEUDO_FALSO_DE_IMAGEM_JPG,0,{'regras_acionadas': None},False,,2025-08-31 11:42:06.908425+00:00
295,benign-sim-agent-001,servidor-saudavel,/tmp/session_xyz123.tmp,,"user_id|s:1:""1"";",0,{'regras_acionadas': None},False,,2025-08-31 11:42:08.932328+00:00
296,benign-sim-agent-001,servidor-saudavel,/var/www/html/wp-content/cache/page/index.html,,,0,,False,,2025-08-31 11:42:10.951764+00:00
297,benign-sim-agent-001,servidor-saudavel,/var/www/html/wp-content/uploads/2025/07/imagem_nova.jpg,,CONTEUDO_FALSO_DE_IMAGEM_JPG,0,{'regras_acionadas': None},False,,2025-08-31 11:42:12.968344+00:00
298,benign-sim-agent-001,servidor-saudavel,/var/www/html/wp-content/uploads/2025/07/imagem_nova.jpg,,CONTEUDO_FALSO_DE_IMAGEM_JPG,0,{'regras_acionadas': None},False,,2025-08-31 11:42:14.991210+00:00
299,benign-sim-agent-001,servidor-saudavel,/var/www/html/wp-content/uploads/2025/07/imagem_nova.jpg,,CONTEUDO_FALSO_DE_IMAGEM_JPG,0,{'regras_acionadas': None},False,,2025-08-31 11:42:17.011459+00:00
300,benign-sim-agent-001,servidor-saudavel,/var/www/html/wp-content/cache/page/index.html,,,0,,False,,2025-08-31 11:42:19.033644+00:00
301,benign-sim-agent-001,servidor-saudavel,/var/www/html/wp-content/cache/page/index.html,,,0,,False,,2025-08-31 11:42:21.057965+00:00
302,benign-sim-agent-001,servidor-saudavel,/var/www/html/wp-content/uploads/2025/07/imagem_nova.jpg,,CONTEUDO_FALSO_DE_IMAGEM_JPG,0,{'regras_acionadas': None},False,,2025-08-31 11:42:23.081334+00:00
303,benign-sim-agent-001,servidor-saudavel,/tmp/session_xyz123.tmp,,"user_id|s:1:""1"";",0,{'regras_acionadas': None},False,,2025-08-31 11:42:25.110187+00:00
304,benign-sim-agent-001,servidor-saudavel,/var/www/html/wp-content/cache/page/index.html,,,0,,False,,2025-08-31 11:42:27.131769+00:00
305,benign-sim-agent-001,servidor-saudavel,/var/www/html/wp-content/cache/page/index.html,,,0,,False,,2025-08-31 11:42:29.144308+00:00
306,benign-sim-agent-001,servidor-saudavel,/var/www/html/wp-content/cache/page/index.html,,,0,,False,,2025-08-31 11:42:31.155086+00:00
307,benign-sim-agent-001,servidor-saudavel,/var/www/html/wp-content/cache/page/index.html,,,0,,False,,2025-08-31 11:42:33.168848+00:00
308,benign-sim-agent-001,servidor-saudavel,/var/www/html/wp-content/uploads/2025/07/imagem_nova.jpg,,CONTEUDO_FALSO_DE_IMAGEM_JPG,0,{'regras_acionadas': None},False,,2025-08-31 11:42:35.207280+00:00
309,benign-sim-agent-001,servidor-saudavel,/var/www/html/wp-content/uploads/2025/07/imagem_nova.jpg,,CONTEUDO_FALSO_DE_IMAGEM_JPG,0,{'regras_acionadas': None},False,,2025-08-31 11:42:37.365913+00:00
310,benign-sim-agent-001,servidor-saudavel,/tmp/session_xyz123.tmp,,"user_id|s:1:""1"";",0,{'regras_acionadas': None},False,,2025-08-31 11:42:39.568214+00:00
311,benign-sim-agent-001,servidor-saudavel,/tmp/session_xyz123.tmp,,"user_id|s:1:""1"";",0,{'regras_acionadas': None},False,,2025-08-31 11:42:41.677228+00:00
312,benign-sim-agent-001,servidor-saudavel,/tmp/session_xyz123.tmp,,"user_id|s:1:""1"";",0,{'regras_acionadas': None},False,,2025-08-31 11:42:43.714969+00:00
313,benign-sim-agent-001,servidor-saudavel,/var/www/html/wp-content/cache/page/index.html,,,0,,False,,2025-08-31 11:42:45.889978+00:00
314,benign-sim-agent-001,servidor-saudavel,/var/www/html/wp-content/uploads/2025/07/imagem_nova.jpg,,CONTEUDO_FALSO_DE_IMAGEM_JPG,0,{'regras_acionadas': None},False,,2025-08-31 11:42:47.916820+00:00
315,benign-sim-agent-001,servidor-saudavel,/tmp/session_xyz123.tmp,,"user_id|s:1:""1"";",0,{'regras_acionadas': None},False,,2025-08-31 11:42:49.937575+00:00
316,benign-sim-agent-001,servidor-saudavel,/var/www/html/wp-content/cache/page/index.html,,,0,,False,,2025-08-31 11:42:51.957176+00:00
317,benign-sim-agent-001,servidor-saudavel,/var/www/html/wp-content/cache/page/index.html,,,0,,False,,2025-08-31 11:42:53.970928+00:00
318,benign-sim-agent-001,servidor-saudavel,/var/www/html/wp-content/uploads/2025/07/imagem_nova.jpg,,CONTEUDO_FALSO_DE_IMAGEM_JPG,0,{'regras_acionadas': None},False,,2025-08-31 11:42:55.983292+00:00
319,benign-sim-agent-001,servidor-saudavel,/var/www/html/wp-content/cache/page/index.html,,,0,,False,,2025-08-31 11:42:58.011212+00:00
320,benign-sim-agent-001,servidor-saudavel,/var/www/html/wp-content/cache/page/index.html,,,0,,False,,2025-08-31 11:43:00.024362+00:00
321,benign-sim-agent-001,servidor-saudavel,/var/www/html/wp-content/uploads/2025/07/imagem_nova.jpg,,CONTEUDO_FALSO_DE_IMAGEM_JPG,0,{'regras_acionadas': None},False,,2025-08-31 11:43:02.035612+00:00
322,benign-sim-agent-001,servidor-saudavel,/tmp/session_xyz123.tmp,,"user_id|s:1:""1"";",0,{'regras_acionadas': None},False,,2025-08-31 11:43:04.059713+00:00
323,benign-sim-agent-001,servidor-saudavel,/var/www/html/wp-content/cache/page/index.html,,,0,,False,,2025-08-31 11:43:06.079478+00:00
324,benign-sim-agent-001,servidor-saudavel,/tmp/session_xyz123.tmp,,"user_id|s:1:""1"";",0,{'regras_acionadas': None},False,,2025-08-31 11:43:08.090122+00:00
325,benign-sim-agent-001,servidor-saudavel,/var/www/html/wp-content/cache/page/index.html,,,0,,False,,2025-08-31 11:43:10.114088+00:00
326,benign-sim-agent-001,servidor-saudavel,/var/www/html/wp-content/uploads/2025/07/imagem_nova.jpg,,CONTEUDO_FALSO_DE_IMAGEM_JPG,0,{'regras_acionadas': None},False,,2025-08-31 11:43:12.124115+00:00
327,benign-sim-agent-001,servidor-saudavel,/var/www/html/wp-content/cache/page/index.html,,,0,,False,,2025-08-31 11:43:14.149985+00:00
328,benign-sim-agent-001,servidor-saudavel,/tmp/session_xyz123.tmp,,"user_id|s:1:""1"";",0,{'regras_acionadas': None},False,,2025-08-31 11:43:16.161558+00:00
329,benign-sim-agent-001,servidor-saudavel,/tmp/session_xyz123.tmp,,"user_id|s:1:""1"";",0,{'regras_acionadas': None},False,,2025-08-31 11:43:18.182383+00:00
330,benign-sim-agent-001,servidor-saudavel,/var/www/html/wp-content/uploads/2025/07/imagem_nova.jpg,,CONTEUDO_FALSO_DE_IMAGEM_JPG,0,{'regras_acionadas': None},False,,2025-08-31 11:43:20.204530+00:00
331,benign-sim-agent-001,servidor-saudavel,/tmp/session_xyz123.tmp,,"user_id|s:1:""1"";",0,{'regras_acionadas': None},False,,2025-08-31 11:43:22.224624+00:00
332,benign-sim-agent-001,servidor-saudavel,/var/www/html/wp-content/cache/page/index.html,,,0,,False,,2025-08-31 11:43:24.248373+00:00
333,benign-sim-agent-001,servidor-saudavel,/var/www/html/wp-content/uploads/2025/07/imagem_nova.jpg,,CONTEUDO_FALSO_DE_IMAGEM_JPG,0,{'regras_acionadas': None},False,,2025-08-31 11:43:26.258730+00:00
334,benign-sim-agent-001,servidor-saudavel,/tmp/session_xyz123.tmp,,"user_id|s:1:""1"";",0,{'regras_acionadas': None},False,,2025-08-31 11:43:28.284734+00:00
335,benign-sim-agent-001,servidor-saudavel,/tmp/session_xyz123.tmp,,"user_id|s:1:""1"";",0,{'regras_acionadas': None},False,,2025-08-31 11:43:30.304823+00:00
336,benign-sim-agent-001,servidor-saudavel,/var/www/html/wp-content/uploads/2025/07/imagem_nova.jpg,,CONTEUDO_FALSO_DE_IMAGEM_JPG,0,{'regras_acionadas': None},False,,2025-08-31 11:43:32.334093+00:00
337,benign-sim-agent-001,servidor-saudavel,/var/www/html/wp-content/uploads/2025/07/imagem_nova.jpg,,CONTEUDO_FALSO_DE_IMAGEM_JPG,0,{'regras_acionadas': None},False,,2025-08-31 11:43:34.358579+00:00
338,benign-sim-agent-001,servidor-saudavel,/var/www/html/wp-content/cache/page/index.html,,,0,,False,,2025-08-31 11:43:36.391983+00:00
339,benign-sim-agent-001,servidor-saudavel,/tmp/session_xyz123.tmp,,"user_id|s:1:""1"";",0,{'regras_acionadas': None},False,,2025-08-31 11:43:38.401857+00:00
340,benign-sim-agent-001,servidor-saudavel,/var/www/html/wp-content/uploads/2025/07/imagem_nova.jpg,,CONTEUDO_FALSO_DE_IMAGEM_JPG,0,{'regras_acionadas': None},False,,2025-08-31 11:43:40.424096+00:00
341,benign-sim-agent-001,servidor-saudavel,/var/www/html/wp-content/cache/page/index.html,,,0,,False,,2025-08-31 11:43:42.444347+00:00
342,benign-sim-agent-001,servidor-saudavel,/tmp/session_xyz123.tmp,,"user_id|s:1:""1"";",0,{'regras_acionadas': None},False,,2025-08-31 11:43:44.466157+00:00
343,benign-sim-agent-001,servidor-saudavel,/tmp/session_xyz123.tmp,,"user_id|s:1:""1"";",0,{'regras_acionadas': None},False,,2025-08-31 11:43:46.485420+00:00
344,benign-sim-agent-001,servidor-saudavel,/tmp/session_xyz123.tmp,,"user_id|s:1:""1"";",0,{'regras_acionadas': None},False,,2025-08-31 11:43:48.516263+00:00
345,benign-sim-agent-001,servidor-saudavel,/var/www/html/wp-content/cache/page/index.html,,,0,,False,,2025-08-31 11:43:50.536764+00:00
346,benign-sim-agent-001,servidor-saudavel,/var/www/html/wp-content/cache/page/index.html,,,0,,False,,2025-08-31 11:43:52.546757+00:00
347,benign-sim-agent-001,servidor-saudavel,/tmp/session_xyz123.tmp,,"user_id|s:1:""1"";",0,{'regras_acionadas': None},False,,2025-08-31 11:43:54.560281+00:00
348,benign-sim-agent-001,servidor-saudavel,/tmp/session_xyz123.tmp,,"user_id|s:1:""1"";",0,{'regras_acionadas': None},False,,2025-08-31 11:43:56.581724+00:00
349,benign-sim-agent-001,servidor-saudavel,/var/www/html/wp-content/uploads/2025/07/imagem_nova.jpg,,CONTEUDO_FALSO_DE_IMAGEM_JPG,0,{'regras_acionadas': None},False,,2025-08-31 11:43:58.600298+00:00
350,benign-sim-agent-001,servidor-saudavel,/tmp/session_xyz123.tmp,,"user_id|s:1:""1"";",0,{'regras_acionadas': None},False,,2025-08-31 11:44:00.629562+00:00
351,benign-sim-agent-001,servidor-saudavel,/tmp/session_xyz123.tmp,,"user_id|s:1:""1"";",0,{'regras_acionadas': None},False,,2025-08-31 11:44:02.651853+00:00
352,benign-sim-agent-001,servidor-saudavel,/var/www/html/wp-content/uploads/2025/07/imagem_nova.jpg,,CONTEUDO_FALSO_DE_IMAGEM_JPG,0,{'regras_acionadas': None},False,,2025-08-31 11:44:04.678143+00:00
353,benign-sim-agent-001,servidor-saudavel,/var/www/html/wp-content/cache/page/index.html,,,0,,False,,2025-08-31 11:44:06.699452+00:00
354,benign-sim-agent-001,servidor-saudavel,/var/www/html/wp-content/uploads/2025/07/imagem_nova.jpg,,CONTEUDO_FALSO_DE_IMAGEM_JPG,0,{'regras_acionadas': None},False,,2025-08-31 11:44:08.710254+00:00
355,benign-sim-agent-001,servidor-saudavel,/tmp/session_xyz123.tmp,,"user_id|s:1:""1"";",0,{'regras_acionadas': None},False,,2025-08-31 11:44:10.731685+00:00
356,benign-sim-agent-001,servidor-saudavel,/tmp/session_xyz123.tmp,,"user_id|s:1:""1"";",0,{'regras_acionadas': None},False,,2025-08-31 11:44:12.757311+00:00
357,benign-sim-agent-001,servidor-saudavel,/tmp/session_xyz123.tmp,,"user_id|s:1:""1"";",0,{'regras_acionadas': None},False,,2025-08-31 11:44:14.783525+00:00
358,benign-sim-agent-001,servidor-saudavel,/tmp/session_xyz123.tmp,,"user_id|s:1:""1"";",0,{'regras_acionadas': None},False,,2025-08-31 11:44:16.804222+00:00
359,benign-sim-agent-001,servidor-saudavel,/tmp/session_xyz123.tmp,,"user_id|s:1:""1"";",0,{'regras_acionadas': None},False,,2025-08-31 11:44:18.823199+00:00
360,benign-sim-agent-001,servidor-saudavel,/tmp/session_xyz123.tmp,,"user_id|s:1:""1"";",0,{'regras_acionadas': None},False,,2025-08-31 11:44:20.844641+00:00
361,benign-sim-agent-001,servidor-saudavel,/var/www/html/wp-content/uploads/2025/07/imagem_nova.jpg,,CONTEUDO_FALSO_DE_IMAGEM_JPG,0,{'regras_acionadas': None},False,,2025-08-31 11:44:22.864821+00:00
362,benign-sim-agent-001,servidor-saudavel,/tmp/session_xyz123.tmp,,"user_id|s:1:""1"";",0,{'regras_acionadas': None},False,,2025-08-31 11:44:24.888829+00:00
363,benign-sim-agent-001,servidor-saudavel,/var/www/html/wp-content/cache/page/index.html,,,0,,False,,2025-08-31 11:44:26.908245+00:00
364,benign-sim-agent-001,servidor-saudavel,/var/www/html/wp-content/uploads/2025/07/imagem_nova.jpg,,CONTEUDO_FALSO_DE_IMAGEM_JPG,0,{'regras_acionadas': None},False,,2025-08-31 11:44:28.917898+00:00
365,benign-sim-agent-001,servidor-saudavel,/var/www/html/wp-content/cache/page/index.html,,,0,,False,,2025-08-31 11:44:30.940360+00:00
366,benign-sim-agent-001,servidor-saudavel,/var/www/html/wp-content/uploads/2025/07/imagem_nova.jpg,,CONTEUDO_FALSO_DE_IMAGEM_JPG,0,{'regras_acionadas': None},False,,2025-08-31 11:44:32.950814+00:00
367,benign-sim-agent-001,servidor-saudavel,/tmp/session_xyz123.tmp,,"user_id|s:1:""1"";",0,{'regras_acionadas': None},False,,2025-08-31 11:44:34.972670+00:00
368,benign-sim-agent-001,servidor-saudavel,/tmp/session_xyz123.tmp,,"user_id|s:1:""1"";",0,{'regras_acionadas': None},False,,2025-08-31 11:44:36.992652+00:00
369,benign-sim-agent-001,servidor-saudavel,/tmp/session_xyz123.tmp,,"user_id|s:1:""1"";",0,{'regras_acionadas': None},False,,2025-08-31 11:44:39.015008+00:00
370,benign-sim-agent-001,servidor-saudavel,/var/www/html/wp-content/uploads/2025/07/imagem_nova.jpg,,CONTEUDO_FALSO_DE_IMAGEM_JPG,0,{'regras_acionadas': None},False,,2025-08-31 11:44:41.036251+00:00
371,benign-sim-agent-001,servidor-saudavel,/var/www/html/wp-content/uploads/2025/07/imagem_nova.jpg,,CONTEUDO_FALSO_DE_IMAGEM_JPG,0,{'regras_acionadas': None},False,,2025-08-31 11:44:43.060135+00:00
372,benign-sim-agent-001,servidor-saudavel,/tmp/session_xyz123.tmp,,"user_id|s:1:""1"";",0,{'regras_acionadas': None},False,,2025-08-31 11:44:45.090556+00:00
373,benign-sim-agent-001,servidor-saudavel,/tmp/session_xyz123.tmp,,"user_id|s:1:""1"";",0,{'regras_acionadas': None},False,,2025-08-31 11:44:47.112052+00:00
374,benign-sim-agent-001,servidor-saudavel,/var/www/html/wp-content/cache/page/index.html,,,0,,False,,2025-08-31 11:44:49.131458+00:00
375,benign-sim-agent-001,servidor-saudavel,/var/www/html/wp-content/cache/page/index.html,,,0,,False,,2025-08-31 11:44:51.144959+00:00
376,benign-sim-agent-001,servidor-saudavel,/var/www/html/wp-content/uploads/2025/07/imagem_nova.jpg,,CONTEUDO_FALSO_DE_IMAGEM_JPG,0,{'regras_acionadas': None},False,,2025-08-31 11:44:53.155349+00:00
377,benign-sim-agent-001,servidor-saudavel,/var/www/html/wp-content/cache/page/index.html,,,0,,False,,2025-08-31 11:44:55.182608+00:00
378,benign-sim-agent-001,servidor-saudavel,/var/www/html/wp-content/cache/page/index.html,,,0,,False,,2025-08-31 11:44:57.192454+00:00
379,benign-sim-agent-001,servidor-saudavel,/var/www/html/wp-content/uploads/2025/07/imagem_nova.jpg,,CONTEUDO_FALSO_DE_IMAGEM_JPG,0,{'regras_acionadas': None},False,,2025-08-31 11:44:59.203156+00:00
380,benign-sim-agent-001,servidor-saudavel,/tmp/session_xyz123.tmp,,"user_id|s:1:""1"";",0,{'regras_acionadas': None},False,,2025-08-31 11:45:01.222946+00:00
381,benign-sim-agent-001,servidor-saudavel,/var/www/html/wp-content/uploads/2025/07/imagem_nova.jpg,,CONTEUDO_FALSO_DE_IMAGEM_JPG,0,{'regras_acionadas': None},False,,2025-08-31 11:45:03.256635+00:00
382,benign-sim-agent-001,servidor-saudavel,/tmp/session_xyz123.tmp,,"user_id|s:1:""1"";",0,{'regras_acionadas': None},False,,2025-08-31 11:45:05.279635+00:00
383,benign-sim-agent-001,servidor-saudavel,/var/www/html/wp-content/cache/page/index.html,,,0,,False,,2025-08-31 11:45:07.299493+00:00
384,benign-sim-agent-001,servidor-saudavel,/var/www/html/wp-content/cache/page/index.html,,,0,,False,,2025-08-31 11:45:09.310622+00:00
385,benign-sim-agent-001,servidor-saudavel,/var/www/html/wp-content/cache/page/index.html,,,0,,False,,2025-08-31 11:45:11.324877+00:00
386,benign-sim-agent-001,servidor-saudavel,/var/www/html/wp-content/cache/page/index.html,,,0,,False,,2025-08-31 11:45:13.338721+00:00
387,benign-sim-agent-001,servidor-saudavel,/var/www/html/wp-content/uploads/2025/07/imagem_nova.jpg,,CONTEUDO_FALSO_DE_IMAGEM_JPG,0,{'regras_acionadas': None},False,,2025-08-31 11:45:15.359536+00:00
388,benign-sim-agent-001,servidor-saudavel,/var/www/html/wp-content/cache/page/index.html,,,0,,False,,2025-08-31 11:45:17.385078+00:00
389,benign-sim-agent-001,servidor-saudavel,/var/www/html/wp-content/cache/page/index.html,,,0,,False,,2025-08-31 11:45:19.395409+00:00
390,benign-sim-agent-001,servidor-saudavel,/var/www/html/wp-content/cache/page/index.html,,,0,,False,,2025-08-31 11:45:21.408369+00:00
391,benign-sim-agent-001,servidor-saudavel,/tmp/session_xyz123.tmp,,"user_id|s:1:""1"";",0,{'regras_acionadas': None},False,,2025-08-31 11:45:23.419397+00:00
392,benign-sim-agent-001,servidor-saudavel,/tmp/session_xyz123.tmp,,"user_id|s:1:""1"";",0,{'regras_acionadas': None},False,,2025-08-31 11:45:25.444980+00:00
393,benign-sim-agent-001,servidor-saudavel,/var/www/html/wp-content/uploads/2025/07/imagem_nova.jpg,,CONTEUDO_FALSO_DE_IMAGEM_JPG,0,{'regras_acionadas': None},False,,2025-08-31 11:45:27.463217+00:00
394,benign-sim-agent-001,servidor-saudavel,/var/www/html/wp-content/cache/page/index.html,,,0,,False,,2025-08-31 11:45:29.482578+00:00
395,benign-sim-agent-001,servidor-saudavel,/var/www/html/wp-content/cache/page/index.html,,,0,,False,,2025-08-31 11:45:31.496665+00:00
442,benign-sim-agent-001,servidor-saudavel,/tmp/session_xyz123.tmp,,"user_id|s:1:""1"";",0,{'regras_acionadas': None},False,,2025-08-31 11:47:06.444117+00:00
396,benign-sim-agent-001,servidor-saudavel,/var/www/html/wp-content/uploads/2025/07/imagem_nova.jpg,,CONTEUDO_FALSO_DE_IMAGEM_JPG,0,{'regras_acionadas': None},False,,2025-08-31 11:45:33.509098+00:00
397,benign-sim-agent-001,servidor-saudavel,/var/www/html/wp-content/uploads/2025/07/imagem_nova.jpg,,CONTEUDO_FALSO_DE_IMAGEM_JPG,0,{'regras_acionadas': None},False,,2025-08-31 11:45:35.532337+00:00
398,benign-sim-agent-001,servidor-saudavel,/var/www/html/wp-content/uploads/2025/07/imagem_nova.jpg,,CONTEUDO_FALSO_DE_IMAGEM_JPG,0,{'regras_acionadas': None},False,,2025-08-31 11:45:37.556352+00:00
399,benign-sim-agent-001,servidor-saudavel,/var/www/html/wp-content/uploads/2025/07/imagem_nova.jpg,,CONTEUDO_FALSO_DE_IMAGEM_JPG,0,{'regras_acionadas': None},False,,2025-08-31 11:45:39.575925+00:00
400,benign-sim-agent-001,servidor-saudavel,/var/www/html/wp-content/cache/page/index.html,,,0,,False,,2025-08-31 11:45:41.608019+00:00
401,benign-sim-agent-001,servidor-saudavel,/var/www/html/wp-content/cache/page/index.html,,,0,,False,,2025-08-31 11:45:43.617904+00:00
402,benign-sim-agent-001,servidor-saudavel,/var/www/html/wp-content/uploads/2025/07/imagem_nova.jpg,,CONTEUDO_FALSO_DE_IMAGEM_JPG,0,{'regras_acionadas': None},False,,2025-08-31 11:45:45.631665+00:00
403,benign-sim-agent-001,servidor-saudavel,/var/www/html/wp-content/cache/page/index.html,,,0,,False,,2025-08-31 11:45:47.657089+00:00
404,benign-sim-agent-001,servidor-saudavel,/tmp/session_xyz123.tmp,,"user_id|s:1:""1"";",0,{'regras_acionadas': None},False,,2025-08-31 11:45:49.667404+00:00
405,benign-sim-agent-001,servidor-saudavel,/var/www/html/wp-content/uploads/2025/07/imagem_nova.jpg,,CONTEUDO_FALSO_DE_IMAGEM_JPG,0,{'regras_acionadas': None},False,,2025-08-31 11:45:51.694103+00:00
406,benign-sim-agent-001,servidor-saudavel,/var/www/html/wp-content/uploads/2025/07/imagem_nova.jpg,,CONTEUDO_FALSO_DE_IMAGEM_JPG,0,{'regras_acionadas': None},False,,2025-08-31 11:45:53.714626+00:00
407,benign-sim-agent-001,servidor-saudavel,/tmp/session_xyz123.tmp,,"user_id|s:1:""1"";",0,{'regras_acionadas': None},False,,2025-08-31 11:45:55.738243+00:00
408,benign-sim-agent-001,servidor-saudavel,/var/www/html/wp-content/cache/page/index.html,,,0,,False,,2025-08-31 11:45:57.759357+00:00
409,benign-sim-agent-001,servidor-saudavel,/var/www/html/wp-content/uploads/2025/07/imagem_nova.jpg,,CONTEUDO_FALSO_DE_IMAGEM_JPG,0,{'regras_acionadas': None},False,,2025-08-31 11:45:59.769556+00:00
410,benign-sim-agent-001,servidor-saudavel,/tmp/session_xyz123.tmp,,"user_id|s:1:""1"";",0,{'regras_acionadas': None},False,,2025-08-31 11:46:01.819021+00:00
411,benign-sim-agent-001,servidor-saudavel,/var/www/html/wp-content/uploads/2025/07/imagem_nova.jpg,,CONTEUDO_FALSO_DE_IMAGEM_JPG,0,{'regras_acionadas': None},False,,2025-08-31 11:46:03.843270+00:00
412,benign-sim-agent-001,servidor-saudavel,/tmp/session_xyz123.tmp,,"user_id|s:1:""1"";",0,{'regras_acionadas': None},False,,2025-08-31 11:46:05.871011+00:00
413,benign-sim-agent-001,servidor-saudavel,/var/www/html/wp-content/cache/page/index.html,,,0,,False,,2025-08-31 11:46:07.897966+00:00
414,benign-sim-agent-001,servidor-saudavel,/tmp/session_xyz123.tmp,,"user_id|s:1:""1"";",0,{'regras_acionadas': None},False,,2025-08-31 11:46:09.908458+00:00
415,benign-sim-agent-001,servidor-saudavel,/tmp/session_xyz123.tmp,,"user_id|s:1:""1"";",0,{'regras_acionadas': None},False,,2025-08-31 11:46:11.930271+00:00
416,benign-sim-agent-001,servidor-saudavel,/var/www/html/wp-content/uploads/2025/07/imagem_nova.jpg,,CONTEUDO_FALSO_DE_IMAGEM_JPG,0,{'regras_acionadas': None},False,,2025-08-31 11:46:13.950072+00:00
417,benign-sim-agent-001,servidor-saudavel,/tmp/session_xyz123.tmp,,"user_id|s:1:""1"";",0,{'regras_acionadas': None},False,,2025-08-31 11:46:15.977191+00:00
418,benign-sim-agent-001,servidor-saudavel,/var/www/html/wp-content/uploads/2025/07/imagem_nova.jpg,,CONTEUDO_FALSO_DE_IMAGEM_JPG,0,{'regras_acionadas': None},False,,2025-08-31 11:46:17.996241+00:00
419,benign-sim-agent-001,servidor-saudavel,/var/www/html/wp-content/cache/page/index.html,,,0,,False,,2025-08-31 11:46:20.016959+00:00
420,benign-sim-agent-001,servidor-saudavel,/tmp/session_xyz123.tmp,,"user_id|s:1:""1"";",0,{'regras_acionadas': None},False,,2025-08-31 11:46:22.031730+00:00
421,benign-sim-agent-001,servidor-saudavel,/var/www/html/wp-content/uploads/2025/07/imagem_nova.jpg,,CONTEUDO_FALSO_DE_IMAGEM_JPG,0,{'regras_acionadas': None},False,,2025-08-31 11:46:24.057156+00:00
422,benign-sim-agent-001,servidor-saudavel,/tmp/session_xyz123.tmp,,"user_id|s:1:""1"";",0,{'regras_acionadas': None},False,,2025-08-31 11:46:26.077461+00:00
423,benign-sim-agent-001,servidor-saudavel,/var/www/html/wp-content/cache/page/index.html,,,0,,False,,2025-08-31 11:46:28.096049+00:00
424,benign-sim-agent-001,servidor-saudavel,/var/www/html/wp-content/cache/page/index.html,,,0,,False,,2025-08-31 11:46:30.106404+00:00
425,benign-sim-agent-001,servidor-saudavel,/var/www/html/wp-content/uploads/2025/07/imagem_nova.jpg,,CONTEUDO_FALSO_DE_IMAGEM_JPG,0,{'regras_acionadas': None},False,,2025-08-31 11:46:32.116594+00:00
426,benign-sim-agent-001,servidor-saudavel,/var/www/html/wp-content/uploads/2025/07/imagem_nova.jpg,,CONTEUDO_FALSO_DE_IMAGEM_JPG,0,{'regras_acionadas': None},False,,2025-08-31 11:46:34.139663+00:00
427,benign-sim-agent-001,servidor-saudavel,/var/www/html/wp-content/uploads/2025/07/imagem_nova.jpg,,CONTEUDO_FALSO_DE_IMAGEM_JPG,0,{'regras_acionadas': None},False,,2025-08-31 11:46:36.159675+00:00
428,benign-sim-agent-001,servidor-saudavel,/tmp/session_xyz123.tmp,,"user_id|s:1:""1"";",0,{'regras_acionadas': None},False,,2025-08-31 11:46:38.184902+00:00
429,benign-sim-agent-001,servidor-saudavel,/var/www/html/wp-content/cache/page/index.html,,,0,,False,,2025-08-31 11:46:40.204801+00:00
430,benign-sim-agent-001,servidor-saudavel,/var/www/html/wp-content/cache/page/index.html,,,0,,False,,2025-08-31 11:46:42.223402+00:00
431,benign-sim-agent-001,servidor-saudavel,/var/www/html/wp-content/uploads/2025/07/imagem_nova.jpg,,CONTEUDO_FALSO_DE_IMAGEM_JPG,0,{'regras_acionadas': None},False,,2025-08-31 11:46:44.237449+00:00
432,benign-sim-agent-001,servidor-saudavel,/var/www/html/wp-content/cache/page/index.html,,,0,,False,,2025-08-31 11:46:46.258472+00:00
433,benign-sim-agent-001,servidor-saudavel,/var/www/html/wp-content/uploads/2025/07/imagem_nova.jpg,,CONTEUDO_FALSO_DE_IMAGEM_JPG,0,{'regras_acionadas': None},False,,2025-08-31 11:46:48.279540+00:00
434,benign-sim-agent-001,servidor-saudavel,/var/www/html/wp-content/uploads/2025/07/imagem_nova.jpg,,CONTEUDO_FALSO_DE_IMAGEM_JPG,0,{'regras_acionadas': None},False,,2025-08-31 11:46:50.300918+00:00
435,benign-sim-agent-001,servidor-saudavel,/tmp/session_xyz123.tmp,,"user_id|s:1:""1"";",0,{'regras_acionadas': None},False,,2025-08-31 11:46:52.320581+00:00
436,benign-sim-agent-001,servidor-saudavel,/var/www/html/wp-content/cache/page/index.html,,,0,,False,,2025-08-31 11:46:54.344271+00:00
437,benign-sim-agent-001,servidor-saudavel,/tmp/session_xyz123.tmp,,"user_id|s:1:""1"";",0,{'regras_acionadas': None},False,,2025-08-31 11:46:56.356132+00:00
438,benign-sim-agent-001,servidor-saudavel,/var/www/html/wp-content/uploads/2025/07/imagem_nova.jpg,,CONTEUDO_FALSO_DE_IMAGEM_JPG,0,{'regras_acionadas': None},False,,2025-08-31 11:46:58.379293+00:00
439,benign-sim-agent-001,servidor-saudavel,/var/www/html/wp-content/cache/page/index.html,,,0,,False,,2025-08-31 11:47:00.399094+00:00
440,benign-sim-agent-001,servidor-saudavel,/var/www/html/wp-content/cache/page/index.html,,,0,,False,,2025-08-31 11:47:02.410261+00:00
441,benign-sim-agent-001,servidor-saudavel,/tmp/session_xyz123.tmp,,"user_id|s:1:""1"";",0,{'regras_acionadas': None},False,,2025-08-31 11:47:04.422338+00:00
443,benign-sim-agent-001,servidor-saudavel,/var/www/html/wp-content/uploads/2025/07/imagem_nova.jpg,,CONTEUDO_FALSO_DE_IMAGEM_JPG,0,{'regras_acionadas': None},False,,2025-08-31 11:47:08.469824+00:00
444,benign-sim-agent-001,servidor-saudavel,/var/www/html/wp-content/uploads/2025/07/imagem_nova.jpg,,CONTEUDO_FALSO_DE_IMAGEM_JPG,0,{'regras_acionadas': None},False,,2025-08-31 11:47:10.505854+00:00
445,benign-sim-agent-001,servidor-saudavel,/var/www/html/wp-content/uploads/2025/07/imagem_nova.jpg,,CONTEUDO_FALSO_DE_IMAGEM_JPG,0,{'regras_acionadas': None},False,,2025-08-31 11:47:12.525424+00:00
446,benign-sim-agent-001,servidor-saudavel,/tmp/session_xyz123.tmp,,"user_id|s:1:""1"";",0,{'regras_acionadas': None},False,,2025-08-31 11:47:14.544019+00:00
447,benign-sim-agent-001,servidor-saudavel,/var/www/html/wp-content/uploads/2025/07/imagem_nova.jpg,,CONTEUDO_FALSO_DE_IMAGEM_JPG,0,{'regras_acionadas': None},False,,2025-08-31 11:47:16.562894+00:00
448,benign-sim-agent-001,servidor-saudavel,/tmp/session_xyz123.tmp,,"user_id|s:1:""1"";",0,{'regras_acionadas': None},False,,2025-08-31 11:47:18.586901+00:00
449,benign-sim-agent-001,servidor-saudavel,/var/www/html/wp-content/cache/page/index.html,,,0,,False,,2025-08-31 11:47:20.605895+00:00
450,benign-sim-agent-001,servidor-saudavel,/tmp/session_xyz123.tmp,,"user_id|s:1:""1"";",0,{'regras_acionadas': None},False,,2025-08-31 11:47:22.615558+00:00
451,benign-sim-agent-001,servidor-saudavel,/var/www/html/wp-content/uploads/2025/07/imagem_nova.jpg,,CONTEUDO_FALSO_DE_IMAGEM_JPG,0,{'regras_acionadas': None},False,,2025-08-31 11:47:24.641898+00:00
452,benign-sim-agent-001,servidor-saudavel,/tmp/session_xyz123.tmp,,"user_id|s:1:""1"";",0,{'regras_acionadas': None},False,,2025-08-31 11:47:26.661756+00:00
453,benign-sim-agent-001,servidor-saudavel,/var/www/html/wp-content/uploads/2025/07/imagem_nova.jpg,,CONTEUDO_FALSO_DE_IMAGEM_JPG,0,{'regras_acionadas': None},False,,2025-08-31 11:47:28.683350+00:00
454,benign-sim-agent-001,servidor-saudavel,/tmp/session_xyz123.tmp,,"user_id|s:1:""1"";",0,{'regras_acionadas': None},False,,2025-08-31 11:47:30.703357+00:00
455,benign-sim-agent-001,servidor-saudavel,/tmp/session_xyz123.tmp,,"user_id|s:1:""1"";",0,{'regras_acionadas': None},False,,2025-08-31 11:47:32.728273+00:00
456,benign-sim-agent-001,servidor-saudavel,/var/www/html/wp-content/cache/page/index.html,,,0,,False,,2025-08-31 11:47:34.759138+00:00
457,benign-sim-agent-001,servidor-saudavel,/var/www/html/wp-content/cache/page/index.html,,,0,,False,,2025-08-31 11:47:36.769486+00:00
458,benign-sim-agent-001,servidor-saudavel,/tmp/session_xyz123.tmp,,"user_id|s:1:""1"";",0,{'regras_acionadas': None},False,,2025-08-31 11:47:38.783550+00:00
459,benign-sim-agent-001,servidor-saudavel,/tmp/session_xyz123.tmp,,"user_id|s:1:""1"";",0,{'regras_acionadas': None},False,,2025-08-31 11:47:40.804483+00:00
460,benign-sim-agent-001,servidor-saudavel,/var/www/html/wp-content/cache/page/index.html,,,0,,False,,2025-08-31 11:47:42.823819+00:00
461,benign-sim-agent-001,servidor-saudavel,/var/www/html/wp-content/cache/page/index.html,,,0,,False,,2025-08-31 11:47:44.840169+00:00
462,benign-sim-agent-001,servidor-saudavel,/var/www/html/wp-content/cache/page/index.html,,,0,,False,,2025-08-31 11:47:46.851141+00:00
463,benign-sim-agent-001,servidor-saudavel,/var/www/html/wp-content/uploads/2025/07/imagem_nova.jpg,,CONTEUDO_FALSO_DE_IMAGEM_JPG,0,{'regras_acionadas': None},False,,2025-08-31 11:47:48.863254+00:00
464,benign-sim-agent-001,servidor-saudavel,/var/www/html/wp-content/uploads/2025/07/imagem_nova.jpg,,CONTEUDO_FALSO_DE_IMAGEM_JPG,0,{'regras_acionadas': None},False,,2025-08-31 11:47:50.889988+00:00
465,benign-sim-agent-001,servidor-saudavel,/tmp/session_xyz123.tmp,,"user_id|s:1:""1"";",0,{'regras_acionadas': None},False,,2025-08-31 11:47:52.909302+00:00
466,benign-sim-agent-001,servidor-saudavel,/var/www/html/wp-content/uploads/2025/07/imagem_nova.jpg,,CONTEUDO_FALSO_DE_IMAGEM_JPG,0,{'regras_acionadas': None},False,,2025-08-31 11:47:54.931614+00:00
467,benign-sim-agent-001,servidor-saudavel,/var/www/html/wp-content/cache/page/index.html,,,0,,False,,2025-08-31 11:47:56.954297+00:00
468,benign-sim-agent-001,servidor-saudavel,/var/www/html/wp-content/uploads/2025/07/imagem_nova.jpg,,CONTEUDO_FALSO_DE_IMAGEM_JPG,0,{'regras_acionadas': None},False,,2025-08-31 11:47:58.967572+00:00
469,benign-sim-agent-001,servidor-saudavel,/var/www/html/wp-content/uploads/2025/07/imagem_nova.jpg,,CONTEUDO_FALSO_DE_IMAGEM_JPG,0,{'regras_acionadas': None},False,,2025-08-31 11:48:00.987446+00:00
470,benign-sim-agent-001,servidor-saudavel,/var/www/html/wp-content/uploads/2025/07/imagem_nova.jpg,,CONTEUDO_FALSO_DE_IMAGEM_JPG,0,{'regras_acionadas': None},False,,2025-08-31 11:48:03.006765+00:00
471,benign-sim-agent-001,servidor-saudavel,/tmp/session_xyz123.tmp,,"user_id|s:1:""1"";",0,{'regras_acionadas': None},False,,2025-08-31 11:48:05.031969+00:00
472,benign-sim-agent-001,servidor-saudavel,/tmp/session_xyz123.tmp,,"user_id|s:1:""1"";",0,{'regras_acionadas': None},False,,2025-08-31 11:48:07.051709+00:00
473,benign-sim-agent-001,servidor-saudavel,/var/www/html/wp-content/cache/page/index.html,,,0,,False,,2025-08-31 11:48:09.075621+00:00
474,benign-sim-agent-001,servidor-saudavel,/var/www/html/wp-content/uploads/2025/07/imagem_nova.jpg,,CONTEUDO_FALSO_DE_IMAGEM_JPG,0,{'regras_acionadas': None},False,,2025-08-31 11:48:11.085551+00:00
475,benign-sim-agent-001,servidor-saudavel,/var/www/html/wp-content/uploads/2025/07/imagem_nova.jpg,,CONTEUDO_FALSO_DE_IMAGEM_JPG,0,{'regras_acionadas': None},False,,2025-08-31 11:48:13.105631+00:00
476,benign-sim-agent-001,servidor-saudavel,/var/www/html/wp-content/uploads/2025/07/imagem_nova.jpg,,CONTEUDO_FALSO_DE_IMAGEM_JPG,0,{'regras_acionadas': None},False,,2025-08-31 11:48:15.129822+00:00
477,benign-sim-agent-001,servidor-saudavel,/var/www/html/wp-content/uploads/2025/07/imagem_nova.jpg,,CONTEUDO_FALSO_DE_IMAGEM_JPG,0,{'regras_acionadas': None},False,,2025-08-31 11:48:17.150403+00:00
478,benign-sim-agent-001,servidor-saudavel,/var/www/html/wp-content/uploads/2025/07/imagem_nova.jpg,,CONTEUDO_FALSO_DE_IMAGEM_JPG,0,{'regras_acionadas': None},False,,2025-08-31 11:48:19.176409+00:00
479,benign-sim-agent-001,servidor-saudavel,/var/www/html/wp-content/cache/page/index.html,,,0,,False,,2025-08-31 11:48:21.196857+00:00
480,benign-sim-agent-001,servidor-saudavel,/var/www/html/wp-content/cache/page/index.html,,,0,,False,,2025-08-31 11:48:23.207373+00:00
481,benign-sim-agent-001,servidor-saudavel,/var/www/html/wp-content/uploads/2025/07/imagem_nova.jpg,,CONTEUDO_FALSO_DE_IMAGEM_JPG,0,{'regras_acionadas': None},False,,2025-08-31 11:48:25.220976+00:00
482,benign-sim-agent-001,servidor-saudavel,/tmp/session_xyz123.tmp,,"user_id|s:1:""1"";",0,{'regras_acionadas': None},False,,2025-08-31 11:48:27.241018+00:00
483,benign-sim-agent-001,servidor-saudavel,/tmp/session_xyz123.tmp,,"user_id|s:1:""1"";",0,{'regras_acionadas': None},False,,2025-08-31 11:48:29.264614+00:00
484,benign-sim-agent-001,servidor-saudavel,/var/www/html/wp-content/uploads/2025/07/imagem_nova.jpg,,CONTEUDO_FALSO_DE_IMAGEM_JPG,0,{'regras_acionadas': None},False,,2025-08-31 11:48:31.284038+00:00
485,benign-sim-agent-001,servidor-saudavel,/var/www/html/wp-content/cache/page/index.html,,,0,,False,,2025-08-31 11:48:33.308323+00:00
486,benign-sim-agent-001,servidor-saudavel,/var/www/html/wp-content/cache/page/index.html,,,0,,False,,2025-08-31 11:48:35.321680+00:00
487,benign-sim-agent-001,servidor-saudavel,/var/www/html/wp-content/cache/page/index.html,,,0,,False,,2025-08-31 11:48:37.331597+00:00
488,benign-sim-agent-001,servidor-saudavel,/tmp/session_xyz123.tmp,,"user_id|s:1:""1"";",0,{'regras_acionadas': None},False,,2025-08-31 11:48:39.346484+00:00
489,benign-sim-agent-001,servidor-saudavel,/var/www/html/wp-content/uploads/2025/07/imagem_nova.jpg,,CONTEUDO_FALSO_DE_IMAGEM_JPG,0,{'regras_acionadas': None},False,,2025-08-31 11:48:41.367219+00:00
490,benign-sim-agent-001,servidor-saudavel,/var/www/html/wp-content/cache/page/index.html,,,0,,False,,2025-08-31 11:48:43.386377+00:00
491,benign-sim-agent-001,servidor-saudavel,/tmp/session_xyz123.tmp,,"user_id|s:1:""1"";",0,{'regras_acionadas': None},False,,2025-08-31 11:48:45.400884+00:00
492,benign-sim-agent-001,servidor-saudavel,/tmp/session_xyz123.tmp,,"user_id|s:1:""1"";",0,{'regras_acionadas': None},False,,2025-08-31 11:48:47.420746+00:00
493,benign-sim-agent-001,servidor-saudavel,/tmp/session_xyz123.tmp,,"user_id|s:1:""1"";",0,{'regras_acionadas': None},False,,2025-08-31 11:48:49.443588+00:00
494,benign-sim-agent-001,servidor-saudavel,/tmp/session_xyz123.tmp,,"user_id|s:1:""1"";",0,{'regras_acionadas': None},False,,2025-08-31 11:48:51.474204+00:00
495,benign-sim-agent-001,servidor-saudavel,/tmp/session_xyz123.tmp,,"user_id|s:1:""1"";",0,{'regras_acionadas': None},False,,2025-08-31 11:48:53.497491+00:00
496,benign-sim-agent-001,servidor-saudavel,/tmp/session_xyz123.tmp,,"user_id|s:1:""1"";",0,{'regras_acionadas': None},False,,2025-08-31 11:48:55.516950+00:00
497,benign-sim-agent-001,servidor-saudavel,/var/www/html/wp-content/uploads/2025/07/imagem_nova.jpg,,CONTEUDO_FALSO_DE_IMAGEM_JPG,0,{'regras_acionadas': None},False,,2025-08-31 11:48:57.534912+00:00
498,benign-sim-agent-001,servidor-saudavel,/var/www/html/wp-content/uploads/2025/07/imagem_nova.jpg,,CONTEUDO_FALSO_DE_IMAGEM_JPG,0,{'regras_acionadas': None},False,,2025-08-31 11:48:59.561676+00:00
499,benign-sim-agent-001,servidor-saudavel,/var/www/html/wp-content/cache/page/index.html,,,0,,False,,2025-08-31 11:49:01.580976+00:00
500,benign-sim-agent-001,servidor-saudavel,/tmp/session_xyz123.tmp,,"user_id|s:1:""1"";",0,{'regras_acionadas': None},False,,2025-08-31 11:49:03.591512+00:00
501,benign-sim-agent-001,servidor-saudavel,/tmp/session_xyz123.tmp,,"user_id|s:1:""1"";",0,{'regras_acionadas': None},False,,2025-08-31 11:49:05.615091+00:00
502,benign-sim-agent-001,servidor-saudavel,/tmp/session_xyz123.tmp,,"user_id|s:1:""1"";",0,{'regras_acionadas': None},False,,2025-08-31 11:49:07.634872+00:00
503,benign-sim-agent-001,servidor-saudavel,/tmp/session_xyz123.tmp,,"user_id|s:1:""1"";",0,{'regras_acionadas': None},False,,2025-08-31 11:49:09.656983+00:00
504,benign-sim-agent-001,servidor-saudavel,/tmp/session_xyz123.tmp,,"user_id|s:1:""1"";",0,{'regras_acionadas': None},False,,2025-08-31 11:49:11.677725+00:00
505,benign-sim-agent-001,servidor-saudavel,/tmp/session_xyz123.tmp,,"user_id|s:1:""1"";",0,{'regras_acionadas': None},False,,2025-08-31 11:49:13.696708+00:00
506,benign-sim-agent-001,servidor-saudavel,/var/www/html/wp-content/uploads/2025/07/imagem_nova.jpg,,CONTEUDO_FALSO_DE_IMAGEM_JPG,0,{'regras_acionadas': None},False,,2025-08-31 11:49:15.722092+00:00
507,benign-sim-agent-001,servidor-saudavel,/var/www/html/wp-content/uploads/2025/07/imagem_nova.jpg,,CONTEUDO_FALSO_DE_IMAGEM_JPG,0,{'regras_acionadas': None},False,,2025-08-31 11:49:17.743945+00:00
508,benign-sim-agent-001,servidor-saudavel,/tmp/session_xyz123.tmp,,"user_id|s:1:""1"";",0,{'regras_acionadas': None},False,,2025-08-31 11:49:19.767759+00:00
509,benign-sim-agent-001,servidor-saudavel,/var/www/html/wp-content/cache/page/index.html,,,0,,False,,2025-08-31 11:49:21.787194+00:00
510,benign-sim-agent-001,servidor-saudavel,/tmp/session_xyz123.tmp,,"user_id|s:1:""1"";",0,{'regras_acionadas': None},False,,2025-08-31 11:49:23.798888+00:00
511,benign-sim-agent-001,servidor-saudavel,/var/www/html/wp-content/uploads/2025/07/imagem_nova.jpg,,CONTEUDO_FALSO_DE_IMAGEM_JPG,0,{'regras_acionadas': None},False,,2025-08-31 11:49:25.818779+00:00
512,benign-sim-agent-001,servidor-saudavel,/tmp/session_xyz123.tmp,,"user_id|s:1:""1"";",0,{'regras_acionadas': None},False,,2025-08-31 11:49:27.838589+00:00
513,benign-sim-agent-001,servidor-saudavel,/var/www/html/wp-content/uploads/2025/07/imagem_nova.jpg,,CONTEUDO_FALSO_DE_IMAGEM_JPG,0,{'regras_acionadas': None},False,,2025-08-31 11:49:29.861503+00:00
514,benign-sim-agent-001,servidor-saudavel,/tmp/session_xyz123.tmp,,"user_id|s:1:""1"";",0,{'regras_acionadas': None},False,,2025-08-31 11:49:31.881074+00:00
515,benign-sim-agent-001,servidor-saudavel,/var/www/html/wp-content/cache/page/index.html,,,0,,False,,2025-08-31 11:49:33.906964+00:00
516,benign-sim-agent-001,servidor-saudavel,/tmp/session_xyz123.tmp,,"user_id|s:1:""1"";",0,{'regras_acionadas': None},False,,2025-08-31 11:49:35.923137+00:00
517,benign-sim-agent-001,servidor-saudavel,/tmp/session_xyz123.tmp,,"user_id|s:1:""1"";",0,{'regras_acionadas': None},False,,2025-08-31 11:49:37.942779+00:00
518,benign-sim-agent-001,servidor-saudavel,/var/www/html/wp-content/cache/page/index.html,,,0,,False,,2025-08-31 11:49:39.966642+00:00
519,benign-sim-agent-001,servidor-saudavel,/var/www/html/wp-content/cache/page/index.html,,,0,,False,,2025-08-31 11:49:41.984156+00:00
520,benign-sim-agent-001,servidor-saudavel,/var/www/html/wp-content/cache/page/index.html,,,0,,False,,2025-08-31 11:49:43.993580+00:00
521,benign-sim-agent-001,servidor-saudavel,/var/www/html/wp-content/uploads/2025/07/imagem_nova.jpg,,CONTEUDO_FALSO_DE_IMAGEM_JPG,0,{'regras_acionadas': None},False,,2025-08-31 11:49:46.010402+00:00
522,benign-sim-agent-001,servidor-saudavel,/var/www/html/wp-content/uploads/2025/07/imagem_nova.jpg,,CONTEUDO_FALSO_DE_IMAGEM_JPG,0,{'regras_acionadas': None},False,,2025-08-31 11:49:48.035163+00:00
523,benign-sim-agent-001,servidor-saudavel,/var/www/html/wp-content/cache/page/index.html,,,0,,False,,2025-08-31 11:49:50.057521+00:00
524,benign-sim-agent-001,servidor-saudavel,/var/www/html/wp-content/cache/page/index.html,,,0,,False,,2025-08-31 11:49:52.067316+00:00
525,benign-sim-agent-001,servidor-saudavel,/tmp/session_xyz123.tmp,,"user_id|s:1:""1"";",0,{'regras_acionadas': None},False,,2025-08-31 11:49:54.077255+00:00
526,benign-sim-agent-001,servidor-saudavel,/var/www/html/wp-content/cache/page/index.html,,,0,,False,,2025-08-31 11:49:56.098620+00:00
527,benign-sim-agent-001,servidor-saudavel,/tmp/session_xyz123.tmp,,"user_id|s:1:""1"";",0,{'regras_acionadas': None},False,,2025-08-31 11:49:58.108581+00:00
528,benign-sim-agent-001,servidor-saudavel,/var/www/html/wp-content/cache/page/index.html,,,0,,False,,2025-08-31 11:50:00.131665+00:00
529,benign-sim-agent-001,servidor-saudavel,/var/www/html/wp-content/cache/page/index.html,,,0,,False,,2025-08-31 11:50:02.143470+00:00
530,benign-sim-agent-001,servidor-saudavel,/var/www/html/wp-content/cache/page/index.html,,,0,,False,,2025-08-31 11:50:04.155949+00:00
531,benign-sim-agent-001,servidor-saudavel,/var/www/html/wp-content/cache/page/index.html,,,0,,False,,2025-08-31 11:50:06.169399+00:00
532,benign-sim-agent-001,servidor-saudavel,/var/www/html/wp-content/uploads/2025/07/imagem_nova.jpg,,CONTEUDO_FALSO_DE_IMAGEM_JPG,0,{'regras_acionadas': None},False,,2025-08-31 11:50:08.179580+00:00
533,benign-sim-agent-001,servidor-saudavel,/tmp/session_xyz123.tmp,,"user_id|s:1:""1"";",0,{'regras_acionadas': None},False,,2025-08-31 11:50:10.203831+00:00
534,benign-sim-agent-001,servidor-saudavel,/var/www/html/wp-content/uploads/2025/07/imagem_nova.jpg,,CONTEUDO_FALSO_DE_IMAGEM_JPG,0,{'regras_acionadas': None},False,,2025-08-31 11:50:12.230336+00:00
535,benign-sim-agent-001,servidor-saudavel,/var/www/html/wp-content/uploads/2025/07/imagem_nova.jpg,,CONTEUDO_FALSO_DE_IMAGEM_JPG,0,{'regras_acionadas': None},False,,2025-08-31 11:50:14.253797+00:00
536,benign-sim-agent-001,servidor-saudavel,/var/www/html/wp-content/uploads/2025/07/imagem_nova.jpg,,CONTEUDO_FALSO_DE_IMAGEM_JPG,0,{'regras_acionadas': None},False,,2025-08-31 11:50:16.275700+00:00
537,benign-sim-agent-001,servidor-saudavel,/var/www/html/wp-content/cache/page/index.html,,,0,,False,,2025-08-31 11:50:18.298024+00:00
538,benign-sim-agent-001,servidor-saudavel,/tmp/session_xyz123.tmp,,"user_id|s:1:""1"";",0,{'regras_acionadas': None},False,,2025-08-31 11:50:20.311854+00:00
539,benign-sim-agent-001,servidor-saudavel,/var/www/html/wp-content/uploads/2025/07/imagem_nova.jpg,,CONTEUDO_FALSO_DE_IMAGEM_JPG,0,{'regras_acionadas': None},False,,2025-08-31 11:50:22.332320+00:00
540,benign-sim-agent-001,servidor-saudavel,/var/www/html/wp-content/uploads/2025/07/imagem_nova.jpg,,CONTEUDO_FALSO_DE_IMAGEM_JPG,0,{'regras_acionadas': None},False,,2025-08-31 11:50:24.351514+00:00
541,benign-sim-agent-001,servidor-saudavel,/tmp/session_xyz123.tmp,,"user_id|s:1:""1"";",0,{'regras_acionadas': None},False,,2025-08-31 11:50:26.374556+00:00
542,benign-sim-agent-001,servidor-saudavel,/var/www/html/wp-content/cache/page/index.html,,,0,,False,,2025-08-31 11:50:28.394563+00:00
543,benign-sim-agent-001,servidor-saudavel,/tmp/session_xyz123.tmp,,"user_id|s:1:""1"";",0,{'regras_acionadas': None},False,,2025-08-31 11:50:30.408923+00:00
544,benign-sim-agent-001,servidor-saudavel,/var/www/html/wp-content/uploads/2025/07/imagem_nova.jpg,,CONTEUDO_FALSO_DE_IMAGEM_JPG,0,{'regras_acionadas': None},False,,2025-08-31 11:50:32.429573+00:00
545,benign-sim-agent-001,servidor-saudavel,/var/www/html/wp-content/cache/page/index.html,,,0,,False,,2025-08-31 11:50:34.455166+00:00
546,benign-sim-agent-001,servidor-saudavel,/var/www/html/wp-content/cache/page/index.html,,,0,,False,,2025-08-31 11:50:36.468574+00:00
547,benign-sim-agent-001,servidor-saudavel,/var/www/html/wp-content/uploads/2025/07/imagem_nova.jpg,,CONTEUDO_FALSO_DE_IMAGEM_JPG,0,{'regras_acionadas': None},False,,2025-08-31 11:50:38.478086+00:00
